distance (mm),t1,t2,t3
0,0.012333359,0.004348757,0.00392129
0.009,0.012190777,0.005489414,0.006559248
0.019,0.023098314,0.015969205,0.016754601
0.029,0.029728386,0.017323736,0.012262942
0.039,0.038069444,0.019890215,0.011264795
0.049,0.049761183,0.02345477,0.00969628
0.059,0.060953885,0.024595427,0.008626837
0.069,0.07300208,0.029799677,0.012334238
0.079,0.087402881,0.032223574,0.014473123
0.089,0.102587884,0.034362307,0.014758308
0.099,0.11927,0.033435523,0.013189792
0.109,0.134882749,0.03457618,0.013261088
0.119,0.152848105,0.038924937,0.011906461
0.129,0.170884751,0.043344985,0.011621276
0.139,0.190489802,0.049048272,0.010908315
0.149,0.208740322,0.056248673,0.011407388
0.159,0.2281315,0.064946186,0.010337945
0.169,0.247879133,0.074499193,0.008056468
0.179,0.268910005,0.084408655,0.007557394
0.189,0.288229892,0.096742014,0.006274063
0.199,0.305767501,0.108932791,0.007913875
0.209,0.325871589,0.12254939,0.008127764
0.219,0.346902462,0.1368789,0.010480538
0.229,0.366863968,0.15320456,0.011906461
0.239,0.386682892,0.169886676,0.010694426
0.249,0.407642473,0.18578459,0.011621276
0.259,0.426819778,0.201896377,0.011977757
0.269,0.446852575,0.220004315,0.013760162
0.279,0.469095396,0.236401267,0.014829604
0.289,0.489841104,0.253297256,0.015399974
0.299,0.511014559,0.269979372,0.017966636
0.309,0.531047357,0.28680407,0.019321263
0.319,0.551935647,0.302202946,0.021887925
0.329,0.573822013,0.318314733,0.023028664
0.339,0.596991618,0.333428445,0.025167549
0.349,0.618806693,0.34747279,0.029374024
0.359,0.639766274,0.362586502,0.031726797
0.369,0.661723931,0.374634697,0.034079571
0.379,0.684964828,0.387467094,0.035648087
0.389,0.706566029,0.40158273,0.035291606
0.399,0.728951432,0.41327447,0.036717529
0.409,0.752049747,0.424253298,0.03857123
0.419,0.776431301,0.434946962,0.042064742
0.429,0.798602831,0.447351613,0.047483252
0.439,0.821130817,0.460255301,0.05161843
0.449,0.845155915,0.472160913,0.056609162
0.459,0.86960876,0.48563493,0.060459155
0.469,0.892707075,0.501247679,0.065378591
0.479,0.915377642,0.517003011,0.070654508
0.489,0.939545323,0.530690901,0.074361909
0.499,0.965637863,0.544877829,0.073149874
0.509,0.988094558,0.559064756,0.075288759
0.519,1.00912543,0.575461708,0.082489673
0.529,1.031225669,0.588721851,0.089476698
0.539,1.054965604,0.601839412,0.096463723
0.549,1.076424223,0.617452162,0.104092414
0.559,1.098880917,0.632352001,0.111222031
0.569,1.124046673,0.64532698,0.114002582
0.579,1.15120858,0.658872287,0.118066464
0.589,1.177229829,0.676695061,0.123484973
0.599,1.204748191,0.691523608,0.130186813
0.609,1.236472728,0.703856967,0.135676618
0.619,1.270692453,0.716546782,0.138528465
0.629,1.302060534,0.730234672,0.142948828
0.639,1.333428615,0.744706764,0.150506223
0.649,1.36372733,0.755828175,0.155996028
0.659,1.392956678,0.764882144,0.160701575
0.669,1.424396051,0.774221277,0.161628426
0.679,1.45305507,0.783988157,0.166476565
0.689,1.482926039,0.79396891,0.175388587
0.699,1.512012805,0.80309417,0.180593208
0.709,1.53974504,0.813573961,0.184229313
0.719,1.567691149,0.822984385,0.188364491
0.729,1.596991788,0.831396734,0.194139481
0.739,1.62771825,0.839880374,0.20347928
0.749,1.656020814,0.850003709,0.212676486
0.759,1.686747275,0.859271552,0.223370912
0.769,1.718257939,0.866543243,0.229359791
0.779,1.75354703,0.873387188,0.227791275
0.789,1.786911262,0.881015335,0.220305177
0.799,1.817922888,0.888999938,0.21780981
0.809,1.850502917,0.896271629,0.219734807
0.819,1.886362338,0.903543321,0.224012578
0.829,1.91844333,0.911171468,0.22843294
0.839,1.949312373,0.91851445,0.226151463
0.849,1.98167853,0.919726399,0.210680193
0.859,2.015898255,0.920938348,0.204334834
0.869,2.048050538,0.923647409,0.212106117
0.879,2.080915732,0.92564356,0.228718125
0.889,2.114565128,0.926071306,0.253386601
0.899,2.148856144,0.926356471,0.285184695
0.909,2.180152934,0.926855508,0.325110552
0.919,2.213731039,0.926213889,0.370454918
0.929,2.249020131,0.920368019,0.417866874
0.939,2.286447955,0.913880529,0.466348272
0.949,2.321380591,0.91131405,0.516825963
0.959,2.357026138,0.907606913,0.567446246
0.969,2.395951075,0.902260081,0.617638752
0.979,2.434947303,0.892992239,0.669328478
0.989,2.471020596,0.880231133,0.720305242
0.999,2.505596777,0.868895849,0.76115795
1.009,2.541741361,0.859414134,0.797946775
1.019,2.57617496,0.854067302,0.84165133
1.029,2.607186585,0.850217583,0.888279027
1.039,2.64012307,0.846938192,0.922216006
1.049,2.673843758,0.841662651,0.925281741
1.059,2.709061558,0.838668426,0.941965046
1.069,2.74242579,0.83503258,0.986596451
1.079,2.7743642,0.828972837,1.045130609
1.089,2.805874863,0.821772436,1.111792531
1.099,2.840165879,0.815213656,1.180735931
1.109,2.870535885,0.807799382,1.247326557
1.119,2.898196829,0.800741564,1.312348668
1.129,2.92692714,0.789121115,1.376657816
1.139,2.96079041,0.779140362,1.448096582
1.149,2.992229782,0.773650948,1.520961272
1.159,3.023170117,0.769017027,1.591829668
1.169,3.055607564,0.761674044,1.659774922
1.179,3.091039238,0.756612377,1.725082217
1.189,3.12376185,0.755828175,1.791316362
1.199,3.15441702,0.757325288,1.858049581
1.209,3.186783176,0.760034349,1.920576325
1.219,3.223141634,0.765024726,1.976686414
1.229,3.256078119,0.771013178,2.024811331
1.239,3.286804581,0.77700163,2.072365879
1.249,3.321737217,0.780423602,2.137530581
1.259,3.35716889,0.788479496,2.20761472
1.269,3.388608263,0.797604756,2.264794251
1.279,3.419120851,0.80373579,2.300656227
1.289,3.451415716,0.807229053,2.296164568
1.299,3.485706732,0.808868748,2.260587777
1.309,3.516575776,0.808654875,2.246471135
1.319,3.546803199,0.809082622,2.211536009
1.329,3.580595178,0.809439077,2.179381435
1.339,3.613816827,0.808512293,2.224868394
1.349,3.644828453,0.808797457,2.31213491
1.359,3.674485548,0.809581659,2.383431084
1.369,3.705425883,0.811649101,2.350848733
1.379,3.736366217,0.816496895,2.12077598
1.389,3.768019463,0.82334084,1.731570169
1.399,3.797106229,0.829614457,1.471267839
1.409,3.827333653,0.833891922,1.451946576
1.419,3.861196922,0.836957439,1.536289949
1.429,3.893563079,0.839523919,1.633823115
1.439,3.920083366,0.837527768,1.751034024
1.449,3.94710269,0.819918868,1.877513436
1.459,3.979183682,0.781778133,2.001996555
1.469,4.011122092,0.741641247,2.119136168
1.479,4.042133718,0.711413823,2.244403546
1.489,4.072503724,0.689883913,2.378440352
1.499,4.104513425,0.674128581,2.496150335
1.509,4.133600191,0.6635775,2.59760479
1.519,4.160833389,0.658658414,2.692143516
1.529,4.19155985,0.657589048,2.784614653
1.539,4.225351829,0.658587123,2.855696938
1.549,4.255507961,0.661723931,2.935263468
1.559,4.282313412,0.665930106,3.029944786
1.569,4.311257596,0.671276938,3.140239967
1.579,4.346261523,0.67926154,3.255311991
1.589,4.377914769,0.686960978,3.365678468
1.598,4.406074751,0.691309735,3.470982916
1.608,4.437514123,0.68902842,3.577214215
1.619,4.472161595,0.68710356,3.684087179
1.628,4.503743549,0.68574903,3.791387921
1.638,4.531048038,0.683752879,3.895622927
1.648,4.557140578,0.681756728,4.00306626
1.658,4.588722533,0.681257691,4.121132724
1.668,4.620019323,0.679831869,4.245330658
1.678,4.652670644,0.675839568,4.373093401
1.688,4.685321965,0.675126657,4.49757652
1.698,4.719042652,0.678976376,4.611579102
1.708,4.750909771,0.684608372,4.721517802
1.718,4.775077452,0.688101636,4.842578705
1.728,4.797961893,0.688743256,4.975617365
1.738,4.827191241,0.690525533,5.104093069
1.748,4.858131576,0.697013022,5.233353032
1.758,4.886505431,0.701504361,5.372237978
1.768,4.914166375,0.70079145,5.512905329
1.778,4.946603823,0.695801074,5.637887521
1.788,4.976332209,0.692592975,5.750464179
1.798,5.006060595,0.695872365,5.86168621
1.808,5.035788981,0.700720159,5.966990659
1.818,5.0676561,0.70663732,6.051904402
1.828,5.093534767,0.715976453,6.110795041
1.838,5.118201485,0.72552946,6.150221825
1.848,5.145648556,0.73529634,6.214174493
1.858,5.176375018,0.750053596,6.308356738
1.868,5.204392417,0.769587356,6.403679722
1.878,5.229629465,0.787552711,6.500000853
1.888,5.256862662,0.801882221,6.617853428
1.898,5.290084312,0.810080697,6.744760617
1.908,5.318743332,0.81941983,6.87009929
1.918,5.343909088,0.828259926,6.983103725
1.928,5.369859046,0.832822556,7.081278556
1.938,5.399017103,0.836886148,7.143163635
1.948,5.422115417,0.84223298,7.148011775
1.958,5.443859201,0.845013333,7.109369249
1.968,5.469737868,0.849433381,7.0022111
1.978,5.499109798,0.858915096,6.44303521
1.988,5.528410438,0.868753267,5.515757176
1.998,5.551936499,0.872531695,5.08134959
2.008,5.57610418,0.87217524,5.126052291
2.018,5.600699607,0.873458479,5.213960473
2.028,5.623298884,0.8780924,5.320762141
2.038,5.645969451,0.87937564,5.508627559
2.048,5.66999455,0.878591438,5.485171117
2.058,5.696015799,0.879446931,5.338015815
2.068,5.719470569,0.879803387,5.339798219
2.078,5.741285644,0.883581815,5.507415524
2.088,5.766166235,0.893919023,5.700913339
2.098,5.795039128,0.909888228,5.879225069
2.108,5.819349391,0.927354546,6.005276704
2.118,5.843944818,0.945605066,6.165764391
2.128,5.867328297,0.960077158,6.355626101
2.138,5.891995015,0.975333452,6.541138745
2.148,5.910815864,0.99151653,6.701127358
2.158,5.92749798,1.006701533,6.823400296
2.168,5.939403593,1.019462639,6.91016774
2.178,5.955301507,1.027946279,6.932412146
2.188,5.968062612,1.03386344,6.942750091
2.198,5.980110807,1.041848042,6.954585256
2.208,5.99329966,1.05539335,7.002567581
2.218,6.010053067,1.069366404,7.052973975
2.228,6.018964453,1.08405237,7.075289678
2.238,6.023170628,1.094959907,7.066377656
2.248,6.029871991,1.103015801,7.00891294
2.258,6.04156373,1.111784605,6.924284382
2.268,6.053754507,1.123761509,6.902253864
2.278,6.066586904,1.133171933,6.942179721
2.288,6.084338386,1.134669046,7.007700905
2.298,6.105297968,1.136451324,7.085984104
2.308,6.120411679,1.141156536,7.164908968
2.318,6.137592833,1.146432077,7.249038453
2.328,6.159051452,1.145006255,7.304792061
2.338,6.184644955,1.146788532,7.313205009
2.348,6.207030358,1.15120858,7.316698522
2.358,6.226492827,1.15641283,7.35548364
2.368,6.244030436,1.162686446,7.376943788
2.378,6.264419689,1.170599757,7.365465104
2.388,6.280246311,1.180651802,7.32660869
2.398,6.292365797,1.191915794,7.314630932
2.408,6.305055612,1.201183637,7.306217984
2.418,6.324304207,1.209168239,7.252460669
2.428,6.345691535,1.221359016,7.213390366
2.438,6.367435319,1.231197187,7.194853361
2.448,6.388680065,1.237470803,7.20939778
2.458,6.412419999,1.243815711,7.271496747
2.468,6.435161858,1.252513224,7.359262337
2.478,6.455907566,1.261994939,7.451163105
2.488,6.478364261,1.26983696,7.530658339
2.498,6.504314219,1.274684754,7.553900891
2.508,6.527911571,1.279033511,7.52559631
2.518,6.547017584,1.284309052,7.476901024
2.528,6.567692001,1.284380343,7.398118752
2.538,6.594568743,1.283667432,7.21816721
2.548,6.616241236,1.285378418,6.971482449
2.558,6.633422389,1.284522925,6.744831913
2.568,6.651672909,1.281243535,6.604592339
2.578,6.672703782,1.277750271,6.548553547
2.588,6.690241391,1.275967994,6.501854553
2.598,6.707850291,1.276181867,6.457579629
2.608,6.727526633,1.277607689,6.445673168
2.618,6.747131684,1.284522925,6.459718515
2.628,6.764740584,1.299707928,6.491873089
2.638,6.785628874,1.316746499,6.53564894
2.648,6.808513315,1.331361174,6.587837739
2.658,6.832181958,1.350110731,6.650435779
2.668,6.851359262,1.371284186,6.730216197
2.678,6.870821731,1.390390199,6.81755401
2.688,6.893278426,1.406929733,6.915443656
2.698,6.919584839,1.425821873,7.024455506
2.708,6.942611862,1.447209201,7.143163635
2.718,6.965068557,1.467313289,7.21816721
2.728,6.987026214,1.484850898,7.165194153
2.738,7.011692932,1.502174634,7.124412741
2.748,7.033650589,1.520425154,7.180308941
2.758,7.05461017,1.536323068,7.238700508
2.768,7.076425245,1.550866451,7.229859782
2.778,7.102232621,1.565766289,7.218095913
2.788,7.126756757,1.583945518,7.242051428
2.798,7.146860846,1.600199888,7.272067117
2.808,7.167820427,1.611392589,7.290105049
2.818,7.194412005,1.622585291,7.31598556
2.828,7.219577761,1.638411914,7.342935513
2.838,7.239396685,1.652313677,7.357194748
2.848,7.261639506,1.661153773,7.361116038
2.858,7.288017211,1.670279033,7.385285441
2.868,7.311186816,1.683539176,7.447170519
2.878,7.32965121,1.697654813,7.487738042
2.888,7.349113678,1.708134603,7.467917706
2.898,7.372924903,1.718186648,7.460360311
2.908,7.394098358,1.733514233,7.495366733
2.918,7.414986649,1.744706934,7.551334229
2.928,7.43722947,1.754758979,7.615643377
2.938,7.461539733,1.766379427,7.662057187
2.948,7.482285441,1.781992176,7.676173829
2.958,7.504171807,1.795822649,7.611650792
2.968,7.526913666,1.804734035,7.519108358
2.978,7.555073648,1.817352559,7.479325094
2.988,7.579740366,1.833606928,7.493299144
2.998,7.60476354,1.849219678,7.538287029
3.008,7.630642207,1.861909492,7.589406386
3.018,7.660014138,1.874242852,7.606303579
3.028,7.685037311,1.888215906,7.584273061
3.038,7.705854311,1.901262176,7.56267032
3.048,7.726457437,1.914237155,7.568516607
3.058,7.748129929,1.928067627,7.603309139
3.068,7.768020144,1.941898099,7.667618288
3.078,7.787482613,1.954017585,7.72608115
3.088,7.808941232,1.961859606,7.756239432
3.098,7.834178279,1.970984866,7.773564402
3.108,7.858060796,1.98167853,7.778555134
3.118,7.878806504,1.989877005,7.750393146
3.128,7.899053175,1.99080379,7.739770016
3.138,7.924218931,1.993013814,7.769144039
3.148,7.947816283,1.998075481,7.810923597
3.158,7.969916522,1.999715176,7.817411549
3.168,7.993727747,1.998075481,7.769286632
3.178,8.02324226,2.001640036,7.70205434
3.188,8.047766396,2.010337549,7.671753466
3.198,8.067442738,2.018678607,7.669329396
3.208,8.090327179,2.024880932,7.675746052
3.218,8.118201996,2.034433939,7.686440478
3.228,8.142084513,2.049904106,7.70205434
3.238,8.161974728,2.065302983,7.73969872
3.248,8.182649145,2.075426318,7.812848594
3.258,8.203608727,2.088543879,7.902467884
3.268,8.221787955,2.10558245,8.009839921
3.278,8.235832301,2.122264566,8.125838796
3.288,8.252585708,2.132815648,8.227079362
3.298,8.270551063,2.143937059,8.29680702
3.308,8.285522193,2.156056545,8.32960326
3.318,8.299566539,2.1668215,8.331029184
3.328,8.317460603,2.173308989,8.349067116
3.338,8.337921147,2.183646198,8.419079958
3.348,8.35638554,2.20004315,8.517326085
3.358,8.375420262,2.215655899,8.620562945
3.368,8.395381768,2.228844751,8.733709972
3.378,8.42026236,2.244600083,8.849566254
3.388,8.443574548,2.263848678,8.963996613
3.398,8.46588866,2.282526945,9.0685881
3.408,8.487775026,2.299494225,9.157494428
3.418,8.513653693,2.318956694,9.190148076
3.428,8.539389778,2.344193741,9.190718445
3.438,8.561204852,2.367862384,9.19620825
3.448,8.583590256,2.385970322,9.197063805
3.458,8.609468923,2.40151178,9.159989794
3.468,8.630499795,2.419904882,9.071226058
3.478,8.646611582,2.438297984,8.943463315
3.488,8.662509496,2.453482987,8.799231156
3.498,8.68033227,2.466315384,8.684800797
3.508,8.6920953,2.484494613,8.649295303
3.518,8.702646382,2.501105438,8.654642516
3.528,8.714338121,2.513581379,8.65549807
3.538,8.732873806,2.528766382,8.659918433
3.548,8.746918151,2.54751594,8.65214715
3.558,8.760748623,2.563699018,8.6120787
3.568,8.775363297,2.573038151,8.581064864
3.578,8.795823841,2.581949538,8.572366731
3.588,8.811579173,2.594924517,8.574291728
3.598,8.826906758,2.608113369,8.578284314
3.608,8.841806597,2.616311845,8.568445442
3.618,8.862837469,2.629714571,8.532084393
3.628,8.880161205,2.645541194,8.442821584
3.638,8.894989753,2.659442957,8.274063541
3.648,8.907964732,2.666500775,8.067875007
3.658,8.924575556,2.675626035,7.773920883
3.668,8.937336662,2.690811038,7.373093795
3.678,8.949741312,2.705853459,6.659632985
3.688,8.960791432,2.71505001,5.69250039
3.698,8.974764486,2.72417527,5.025524686
3.708,8.987454301,2.738576071,4.739555734
3.718,8.998433129,2.750838139,4.621061493
3.728,9.007273225,2.761246639,4.562741223
3.738,9.021388862,2.775077111,4.480180254
3.748,9.035433207,2.791260189,4.32988792
3.758,9.048907224,2.805803572,4.152146559
3.768,9.060242508,2.816140781,3.951733015
3.778,9.077566243,2.827903811,3.678739966
3.788,9.090541222,2.839809424,3.279695283
3.798,9.098383243,2.852214074,2.992656888
3.808,9.106225263,2.859842221,2.870455246
3.818,9.1203409,2.873102364,2.786824834
3.828,9.129893906,2.893135162,2.664480601
3.838,9.132317803,2.914665072,2.596464051
3.848,9.136310104,2.931133315,2.599601083
3.858,9.144437289,2.950524492,2.639812124
3.868,9.151708981,2.970771163,2.685013899
3.878,9.15299222,2.990447505,2.739626767
3.888,9.155130953,3.004349268,2.755953591
3.898,9.162687809,3.018037158,2.600171452
3.908,9.168319806,3.036929298,2.332739505
3.918,9.17252598,3.053896578,2.119991723
3.928,9.180082836,3.063663458,2.007486361
3.938,9.19405589,3.075711653,1.940967031
3.948,9.203537606,3.092393769,1.892414336
3.958,9.208741856,3.109361049,1.841081091
3.968,9.215158054,3.121551826,1.69856004
3.978,9.226422047,3.137521031,1.533438102
3.988,9.23447794,3.155628969,1.43062902
3.998,9.237400875,3.171883338,1.367603202
4.008,9.240680266,3.181864091,1.353985633
4.018,9.239896064,3.196051019,1.339441214
4.028,9.235832471,3.213588628,1.264508935
4.038,9.227420122,3.227846846,1.19734794
4.048,9.218936482,3.23918213,1.170112801
4.058,9.214445143,3.25087387,1.17275076
4.068,9.207316034,3.265345962,1.184158148
4.078,9.197691736,3.279319016,1.190859988
4.088,9.188851641,3.288159112,1.170897059
4.098,9.189778425,3.296072423,1.139384151
4.108,9.187425819,3.310330642,1.135748046
4.118,9.18165124,3.324232405,1.160202633
4.128,9.177801521,3.334141867,1.184086851
4.138,9.180867038,3.346475226,1.201411822
4.148,9.180795747,3.363299924,1.221873823
4.158,9.177516357,3.381621735,1.251960809
4.168,9.173025018,3.392457982,1.296307029
4.178,9.172026942,3.403793265,1.353557856
4.188,9.167535604,3.419548597,1.404035547
4.198,9.156699357,3.434448436,1.394267971
4.208,9.144579871,3.443930151,1.360972658
4.218,9.137593344,3.454695106,1.356980072
4.228,9.127256136,3.470165274,1.34771157
4.238,9.115421814,3.483354126,1.337159736
4.248,9.105726225,3.490198071,1.336446774
4.258,9.104300403,3.50253143,1.339156029
4.268,9.098597116,3.520069039,1.345216204
4.278,9.090184767,3.535681789,1.355482853
4.288,9.085622137,3.544807049,1.364893948
4.298,9.085265681,3.557069117,1.36503654
4.308,9.08127338,3.57745837,1.346428239
4.318,9.077138497,3.594354359,1.328746788
4.328,9.072575867,3.606046098,1.322757909
4.338,9.069367768,3.621088519,1.307500528
4.348,9.064733846,3.638269672,1.276415396
4.358,9.057961193,3.651886271,1.253315436
4.368,9.050261754,3.659514418,1.240553421
4.378,9.046126871,3.669709045,1.236275651
4.388,9.040708748,3.68503663,1.243120083
4.398,9.034791587,3.699080975,1.251105255
4.408,9.028090224,3.706423958,1.226721963
4.418,9.025737618,3.718329571,1.121773996
4.428,9.021531444,3.731447132,1.042350058
4.438,9.011764564,3.740501101,1.02516768
4.448,9.000215407,3.740714974,1.029873228
4.458,8.989949489,3.744635984,1.013189923
4.468,8.977188384,3.754830611,0.977684429
4.478,8.963999531,3.76716397,0.948167813
4.488,8.950169059,3.776075356,0.931627101
4.498,8.937621827,3.786982894,0.914943796
4.508,8.919799053,3.802809517,0.90517622
4.518,8.905398252,3.821202619,0.905104924
4.528,8.894562006,3.833607269,0.908384548
4.538,8.88828839,3.844514806,0.912377134
4.548,8.874743082,3.859272063,0.9018253
4.558,8.857561928,3.872033168,0.863681847
4.568,8.841022395,3.87802162,0.813631933
4.578,8.825837392,3.887075589,0.722230239
4.588,8.799245814,3.903116085,0.625053554
4.598,8.766808366,3.919156581,0.586411028
4.608,8.735939323,3.929137334,0.567018469
4.618,8.710131947,3.940044872,0.546485171
4.628,8.679904523,3.953447597,0.530942605
4.638,8.652742616,3.966279994,0.533152786
4.648,8.633351439,3.97383685,0.536788891
4.658,8.619663549,3.98167887,0.525737984
4.668,8.605761786,3.992871572,0.499572289
4.678,8.592858098,4.004349438,0.475545478
4.688,8.583376382,4.011763712,0.470982523
4.698,8.578742461,4.019106695,0.480108433
4.708,8.567834924,4.030655852,0.488806566
4.718,8.552150883,4.039424656,0.482817688
4.728,8.53304487,4.042490173,0.463995498
4.738,8.516790501,4.045127944,0.462569574
4.748,8.496971577,4.051258978,0.454513107
4.758,8.472875187,4.057033556,0.446028862
4.768,8.448636215,4.060384238,0.467346418
4.778,8.425181446,4.063093299,0.495793591
4.788,8.398019539,4.066729145,0.519321329
4.798,8.37071505,4.068725296,0.555539785
4.808,8.346547369,4.068939169,0.597961008
4.818,8.327583938,4.072004686,0.636817423
4.828,8.305768864,4.076781189,0.67246551
4.838,8.282456676,4.077707974,0.709183039
4.848,8.261568386,4.07549795,0.751176485
4.858,8.248308242,4.07613957,0.799087514
4.868,8.235903592,4.081985439,0.85020687
4.878,8.220932462,4.086904525,0.898189195
4.888,8.204820675,4.08398159,0.944603004
4.898,8.192059569,4.079989289,0.977185356
4.908,8.17644682,4.079347669,0.988378855
4.918,8.154631745,4.072004686,0.996934396
4.928,8.134527657,4.05532257,0.987238116
4.938,8.115778099,4.040351441,0.924853964
4.948,8.094176898,4.027519044,0.822116178
4.958,8.069082433,4.009553688,0.775844961
4.968,8.044344423,3.985314716,0.774347742
4.978,8.02003416,3.964569008,0.789248642
4.988,7.990947394,3.949811752,0.815770819
4.998,7.960791262,3.936551608,0.850420759
5.008,7.931490622,3.920083366,0.884001257
5.018,7.906681322,3.905682565,0.915442869
5.028,7.882941387,3.893064041,0.951376141
5.038,7.861055022,3.880516809,0.989234409
5.048,7.842804502,3.867684412,1.01903621
5.058,7.831683091,3.864761477,1.041351912
5.068,7.818422948,3.869395398,1.063453726
5.078,7.804164729,3.876168052,1.081420361
5.088,7.792829445,3.878948405,1.09468145
5.098,7.786270664,3.882370377,1.10715828
5.108,7.777715733,3.889570778,1.118351779
5.118,7.764669463,3.89755538,1.124982324
5.128,7.747844765,3.898909911,1.125481397
5.138,7.73251718,3.899765404,1.122201773
5.148,7.711201143,3.900906061,1.123627696
5.158,7.687603791,3.896058267,1.09952959
5.168,7.664790641,3.886790425,0.938970607
5.178,7.645542046,3.873387699,0.779481066
5.188,7.623726971,3.859272063,0.736346881
5.198,7.602482225,3.842090909,0.734635773
5.208,7.583518794,3.814216092,0.724012643
5.218,7.569759613,3.783560921,0.720233946
5.228,7.553861699,3.754046409,0.713674698
5.238,7.53504085,3.718899899,0.69741917
5.248,7.517930988,3.676766863,0.669542367
5.258,7.50174791,3.639196457,0.615000794
5.268,7.48157253,3.605974807,0.568658281
5.278,7.459828747,3.571469918,0.51910744
5.288,7.441649518,3.531333032,0.48966212
5.298,7.425466439,3.496400396,0.491943598
5.308,7.404720731,3.463178746,0.496292665
5.318,7.377487533,3.424610265,0.497148219
5.328,7.351323702,3.385328872,0.503350986
5.338,7.325658908,3.355671777,0.509482457
5.348,7.298996039,3.336066727,0.515328743
5.358,7.272475753,3.32195109,0.509767641
5.368,7.250518096,3.31090097,0.463282536
5.378,7.232695322,3.307193834,0.406673374
5.388,7.212519943,3.304841228,0.369884549
5.398,7.190633577,3.298924067,0.357479015
5.408,7.165966859,3.289014605,0.346356811
5.418,7.144294366,3.277893194,0.324682775
5.428,7.120697014,3.267128239,0.293312458
5.438,7.095246094,3.253582931,0.277841189
5.448,7.072147779,3.236401778,0.283544883
5.458,7.054895335,3.221216775,0.275559711
5.468,7.035504157,3.209881491,0.26942824
5.478,7.008342251,3.196264892,0.261514365
5.488,6.977972245,3.17723017,0.258234741
5.498,6.949455807,3.158837068,0.260587515
5.508,6.918087726,3.139089435,0.268216205
5.518,6.884723494,3.116062412,0.28582636
5.528,6.855066399,3.091039238,0.304577254
5.538,6.830257099,3.066871557,0.320904078
5.548,6.798889018,3.033649907,0.337159605
5.558,6.762815724,2.975975413,0.352630875
5.568,6.724461116,2.911029226,0.364537336
5.578,6.68824524,2.855778629,0.382860452
5.588,6.647538026,2.812005897,0.40154005
5.598,6.604478205,2.770799645,0.409881702
5.608,6.562772915,2.735510554,0.424212233
5.618,6.526058002,2.707421863,0.448952005
5.628,6.488844051,2.682897727,0.477470475
5.638,6.454410453,2.660797488,0.501639878
5.648,6.42161655,2.640835981,0.523456507
5.658,6.393527859,2.630712646,0.548695352
5.668,6.361874614,2.6270768,0.566448099
5.678,6.330292659,2.623939992,0.577071229
5.688,6.302774297,2.62051802,0.588336025
5.698,6.280032438,2.621729968,0.602310075
5.708,6.254153771,2.625294523,0.610152654
5.718,6.227205738,2.627219383,0.611435985
5.728,6.195481201,2.626934218,0.612077651
5.738,6.167891548,2.624724194,0.609368396
5.748,6.137307669,2.618022831,0.609225804
5.758,6.104086019,2.607756914,0.609083211
5.768,6.067941435,2.595280973,0.603593406
5.778,6.034006874,2.584943764,0.580136965
5.788,5.997719707,2.579383059,0.525381503
5.798,5.95679862,2.571398456,0.482603799
5.808,5.913239761,2.560348337,0.471481596
5.818,5.874314824,2.552363734,0.472622335
5.828,5.835532469,2.546446573,0.475402886
5.838,5.793470724,2.542668146,0.48538435
5.848,5.755116116,2.539460046,0.504277836
5.858,5.718615076,2.538176807,0.521175029
5.868,5.67783657,2.539317464,0.536646299
5.878,5.639410671,2.539103591,0.546699059
5.888,5.605832566,2.536750985,0.543419435
5.898,5.577173546,2.539103591,0.549764795
5.908,5.542383492,2.54494946,0.546556467
5.918,5.505525997,2.549226926,0.541565735
5.928,5.469310121,2.548228851,0.549622202
5.938,5.434733941,2.548585306,0.562598106
5.948,5.398446774,2.553290518,0.563524956
5.958,5.365296416,2.555429251,0.571866609
5.968,5.335496739,2.551365659,0.594039719
5.978,5.306695137,2.549226926,0.603308221
5.988,5.275327056,2.553789556,0.612790612
5.998,5.242889608,2.558779933,0.634963722
6.008,5.215228664,2.563770309,0.671182179
6.018,5.185072531,2.572396532,0.703978418
6.028,5.148143744,2.586726041,0.731783926
6.038,5.110644629,2.598203907,0.753671851
6.048,5.073715843,2.603051702,0.770497748
6.058,5.03700093,2.607044003,0.795594001
6.068,4.996864044,2.609040154,0.831883754
6.078,4.95551521,2.597348414,0.860473519
6.088,4.91644769,2.573822353,0.86902906
6.098,4.878663411,2.555714416,0.85020687
6.108,4.837243285,2.545733663,0.846071692
6.118,4.79126053,2.538105516,0.864893882
6.128,4.74306775,2.523490841,0.875730901
6.138,4.697797906,2.505525486,0.868173506
6.148,4.653597428,2.492978253,0.857764265
6.158,4.610323734,2.486419473,0.857265192
6.168,4.569046191,2.478933908,0.865963325
6.178,4.529907381,2.472802874,0.875873493
6.188,4.48556432,2.472589,0.86959943
6.198,4.43794187,2.473373202,0.83865689
6.208,4.395951416,2.469594775,0.824468952
6.218,4.358594883,2.469238319,0.841865218
6.228,4.321380932,2.474585151,0.867674433
6.238,4.283881816,2.478862617,0.887779954
6.248,4.250018547,2.476224846,0.903465112
6.258,4.22086049,2.474014822,0.915086388
6.268,4.191773723,2.476010973,0.914516019
6.278,4.164326652,2.471020596,0.847497616
6.288,4.139089605,2.453910734,0.793455116
6.298,4.116490329,2.439224769,0.792528266
6.308,4.091395864,2.433093735,0.813204156
6.318,4.065802361,2.431810495,0.834022639
6.328,4.039424656,2.431168875,0.852060571
6.338,4.015470849,2.43537505,0.859546669
6.348,3.988095069,2.44649646,0.850135574
6.358,3.962929313,2.46082597,0.831384681
6.368,3.93990229,2.469024446,0.828105057
6.378,3.91844367,2.474870315,0.82767728
6.388,3.89235113,2.482284589,0.802723619
6.398,3.864191148,2.486633346,0.789890308
6.408,3.837314406,2.487702712,0.790817158
6.418,3.81542804,2.490126609,0.792029193
6.428,3.792187144,2.484993651,0.785612537
6.438,3.768447209,2.466600549,0.773135707
6.448,3.746560844,2.446068714,0.768715344
6.458,3.727882577,2.434305683,0.763225539
6.468,3.707279451,2.427390447,0.765293128
6.478,3.684680174,2.422328779,0.785398649
6.488,3.663720593,2.415912581,0.798944922
6.498,3.643260049,2.412704482,0.792528266
6.508,3.620589481,2.413631266,0.793669005
6.518,3.5964218,2.413987721,0.816198596
6.528,3.572967031,2.412704482,0.832382827
6.538,3.555001675,2.413132228,0.828818018
6.548,3.532473689,2.416625492,0.835733747
6.558,3.506595023,2.421615869,0.86475129
6.568,3.483924455,2.423825892,0.89455309
6.578,3.465460061,2.426677536,0.917724347
6.588,3.444785644,2.432024368,0.907671586
6.598,3.424253809,2.434662139,0.86717536
6.608,3.405931998,2.432095659,0.864038328
6.618,3.387182441,2.431525331,0.88057904
6.628,3.363299924,2.432452115,0.889562358
6.638,3.339773863,2.430955002,0.899044749
6.648,3.318814282,2.428174649,0.917653051
6.658,3.296215005,2.429172724,0.943248377
6.668,3.275968335,2.433877937,0.965207599
6.678,3.256078119,2.440151553,0.968986296
6.688,3.236401778,2.444143854,0.959004831
6.698,3.21893546,2.452627494,0.944246523
6.708,3.20068494,2.461325008,0.931199324
6.718,3.182577002,2.467812497,0.915015092
6.728,3.164540355,2.471519634,0.882717926
6.738,3.149497935,2.476795175,0.851846682
6.748,3.133600021,2.483710411,0.849066132
6.758,3.116775323,2.493263418,0.874162385
6.768,3.099451587,2.499750907,0.897476234
6.778,3.083411091,2.505881941,0.899757711
6.788,3.061809889,2.513866544,0.876657751
6.798,3.03835512,2.522136311,0.850420759
6.808,3.018251031,2.528338636,0.829744869
6.818,3.001283751,2.532402228,0.815200449
6.828,2.982391611,2.536251947,0.821688401
6.838,2.967064026,2.540529413,0.834022639
6.848,2.955871324,2.544165258,0.837658744
6.858,2.950096746,2.551151786,0.851490202
6.868,2.940329866,2.561560285,0.882646629
6.878,2.923505168,2.569188432,0.920362305
6.888,2.903044624,2.571255874,0.963425194
6.898,2.882726662,2.578527566,1.012263073
6.908,2.859414475,2.591146089,1.06915742
6.918,2.833464516,2.601697171,1.126336951
6.928,2.804876788,2.607186585,1.184015555
6.938,2.76131793,2.611963089,1.252245993
6.948,2.704997966,2.619163489,1.323043094
6.958,2.654381289,2.625151941,1.375588374
6.968,2.621230931,2.626221307,1.393341121
6.978,2.601483298,2.62964328,1.415585527
6.988,2.587153788,2.637271427,1.470269692
6.998,2.576317542,2.645683776,1.520034422
7.008,2.565837751,2.650175115,1.535077914
7.018,2.552292443,2.656876478,1.557678801
7.028,2.533329012,2.666572066,1.588835229
7.038,2.513367506,2.675626035,1.591330595
7.048,2.493691164,2.682042234,1.610152785
7.058,2.477080339,2.694233011,1.638671254
7.068,2.462964703,2.712055784,1.601454652
7.078,2.447708409,2.726100129,1.444888255
7.088,2.430598546,2.735795718,1.31063756
7.098,2.416696783,2.746418091,1.207044219
7.108,2.402224691,2.75939307,1.12840454
7.118,2.386255486,2.769587697,1.115713821
7.128,2.371925976,2.774791946,1.140239705
7.138,2.361374894,2.777786172,1.163696146
7.148,2.350396066,2.779140703,1.18094982
7.158,2.339060782,2.782491384,1.1775989
7.168,2.330505851,2.782420093,1.135462861
7.178,2.324517399,2.784273662,1.034293591
7.188,2.315534721,2.789477912,0.926921553
7.198,2.303771691,2.79717735,0.862255924
7.208,2.293434482,2.803094511,0.838086521
7.218,2.284879551,2.809938456,0.847497616
7.228,2.273972014,2.819776626,0.851775386
7.238,2.262494148,2.829187051,0.812633787
7.248,2.253368888,2.82911576,0.762869058
7.258,2.24181973,2.826977027,0.730571891
7.268,2.223783084,2.822129233,0.719021911
7.278,2.205817728,2.814073339,0.725295974
7.288,2.193056622,2.80045674,0.743547795
7.298,2.181008428,2.789264038,0.760159803
7.308,2.168532486,2.784986573,0.773064411
7.318,2.156626873,2.783632042,0.798731033
7.328,2.144150932,2.779853614,0.83922726
7.338,2.131888864,2.776716806,0.884571626
7.348,2.118985176,2.77308096,0.934051171
7.358,2.108505385,2.766807344,0.97169555
7.368,2.097954303,2.754973022,0.975117767
7.378,2.087403222,2.74370903,0.958006685
7.388,2.077351177,2.732730201,0.970269627
7.398,2.071077561,2.711841911,1.001639943
7.408,2.0683685,2.684893877,1.035576922
7.418,2.07100627,2.656591313,1.058391697
7.428,2.071362725,2.632851379,1.06338243
7.438,2.068297208,2.609111445,1.0527593
7.448,2.062023592,2.585799257,1.021317687
7.458,2.057104507,2.569758761,0.970839996
7.468,2.050545726,2.562059323,0.963211306
7.478,2.037998494,2.557354111,0.967774261
7.488,2.020318302,2.555001505,0.985170527
7.498,2.005632337,2.557354111,1.02424083
7.508,1.993940598,2.566122915,1.066091684
7.518,1.984102427,2.5742501,1.093968488
7.528,1.975262331,2.577101744,1.075288891
7.538,1.970984866,2.579810805,1.01418807
7.548,1.964782541,2.584587309,1.021745464
7.558,1.956512774,2.585228928,1.084343505
7.568,1.951950144,2.57688787,1.140239705
7.578,1.950524322,2.570828127,1.177884084
7.588,1.946674603,2.567334864,1.211892359
7.598,1.945320072,2.558352186,1.245116376
7.608,1.942753593,2.544022676,1.291316297
7.618,1.941755517,2.53054866,1.343148615
7.628,1.940258404,2.519213376,1.384642988
7.638,1.941470353,2.506808725,1.424925326
7.648,1.944607161,2.493976329,1.449807691
7.658,1.948528171,2.483567829,1.412234607
7.668,1.949383664,2.474799024,1.371239307
7.678,1.950025284,2.464390525,1.371096715
7.688,1.951593688,2.450274888,1.392628159
7.698,1.955158243,2.436515707,1.425424399
7.708,1.9562989,2.426463663,1.468202103
7.718,1.955015661,2.415698708,1.486952997
7.728,1.955443407,2.401226616,1.447241028
7.738,1.957368267,2.388322928,1.34436065
7.748,1.957368267,2.37741539,1.286396861
7.758,1.958081178,2.366864309,1.293098701
7.768,1.961146695,2.352819963,1.313132926
7.778,1.963998338,2.341413388,1.334949555
7.788,1.965067705,2.334712025,1.375517078
7.798,1.965780616,2.329080029,1.425994769
7.808,1.96606578,2.319669605,1.470840062
7.818,1.965352869,2.308120447,1.498146496
7.828,1.962429934,2.299280352,1.515043689
7.838,1.960006037,2.291509623,1.538072353
7.848,1.957796013,2.274756216,1.574932475
7.858,1.956441483,2.261282199,1.622415727
7.868,1.952092726,2.25415309,1.68515636
7.878,1.9490985,2.249234004,1.677385077
7.888,1.946246856,2.237684847,1.305860716
7.898,1.945605236,2.22877346,0.958862239
7.908,1.942183264,2.223783084,0.864537401
7.918,1.939046456,2.218792707,0.828176353
7.928,1.937050305,2.207314841,0.778269031
7.938,1.935624483,2.20075606,0.73171263
7.948,1.931418309,2.202823502,0.716027472
7.958,1.927711172,2.204677071,0.731427445
7.968,1.926855679,2.200684769,0.751889447
7.978,1.923861453,2.198403454,0.775060703
7.988,1.916874926,2.20075606,0.795522705
7.998,1.907464501,2.20004315,0.8198347
8.008,1.894133067,2.195551811,0.829103203
8.018,1.871961537,2.191702092,0.809924532
8.028,1.837670521,2.190989181,0.770996822
8.038,1.79981495,2.188422701,0.747896861
8.048,1.767448793,2.180865845,0.747112603
8.058,1.743281113,2.173808027,
8.068,1.722178949,2.168960233,
8.078,1.705425542,2.162472743,
8.088,1.694589296,2.153561356,
8.098,1.687175022,2.146218374,
8.108,1.678905255,2.139873466,
8.118,1.665858985,2.133457268,
8.128,1.654808865,2.126613323,
8.138,1.648463958,2.123333933,
8.148,1.636415763,2.121694238,
8.158,1.621302051,2.118628721,
8.168,1.607899326,2.113495762,
8.178,1.599629559,2.109218296,
8.188,1.590646881,2.1107867,
8.198,1.583945518,2.111285738,
8.208,1.58145033,2.107293437,
8.218,1.580666128,2.105154704,
8.228,1.577315447,2.105439868,
8.238,1.570970539,2.105012122,
8.248,1.565908872,2.099451416,
8.258,1.561702697,2.095031369,
8.268,1.556070701,2.093962002,
8.278,1.550723869,2.092607471,
8.288,1.545519619,2.085478362,
8.298,1.540814407,2.079917657,
8.308,1.535610157,2.077636342,
8.318,1.529550414,2.075996647,
8.328,1.526199732,2.071434017,
8.338,1.524987784,2.069295284,
8.348,1.521209356,2.071362725,
8.358,1.516646726,2.07100627,
8.368,1.510230528,2.065302983,
8.378,1.502032052,2.064590072,
8.388,1.493120665,2.066942678,
8.398,1.484423152,2.065588147,
8.408,1.475939511,2.055678685,
8.418,1.469665895,2.047195045,
8.428,1.46474681,2.044557274,
8.438,1.460112889,2.045270185,
8.448,1.455764132,2.041064011,
8.458,1.45305507,2.039353024,
8.468,1.448278567,2.041206593,
8.478,1.442076242,2.041349175,
8.488,1.440080091,2.035075559,
8.498,1.439652345,2.029229689,
8.508,1.439794927,2.025308679,
8.518,1.440935585,2.019248936,
8.528,1.442147533,2.005275882,
8.538,1.442147533,1.989948297,
8.548,1.439010725,1.978256557,
8.558,1.436800701,1.96342801,
8.568,1.437157157,1.942397137,
8.578,1.437727485,1.922435631,
8.588,1.435945208,1.903400909,
8.598,1.434947133,1.880302595,
8.608,1.436230372,1.851714866,
8.618,1.436301663,1.826406528,
8.628,1.434305513,1.804591453,
8.638,1.430954831,1.784416074,
8.648,1.430099338,1.762173252,
8.658,1.429671592,1.741570126,
8.668,1.428958681,1.725458339,
8.678,1.42824577,1.708348477,
8.688,1.428744807,1.688957299,
8.698,1.429742883,1.671847437,
8.708,1.428744807,1.658302129,
8.718,1.429172554,1.645826188,
8.728,1.430669667,1.630569894,
8.738,1.434020348,1.616382966,
8.748,1.434020348,1.605190264,
8.758,1.43345002,1.592286576,
8.768,1.431168705,1.575248005,
8.778,1.429243845,1.558494598,
8.788,1.428103188,1.543808633,
8.798,1.425536708,1.531403982,
8.808,1.425394126,1.519141914,
8.818,1.427176403,1.506523391,
8.828,1.427532859,1.496827802,
8.838,1.427105112,1.487987706,
8.848,1.428602225,1.476438549,
8.858,1.431952907,1.469095566,
8.868,1.43216678,1.461538711,
8.878,1.432665818,1.452270868,
8.888,1.43409164,1.438155232,
8.898,1.437727485,1.424467342,
8.908,1.439723636,1.412846894,
8.918,1.441363331,1.402866141,
8.928,1.445284341,1.388322757,
8.938,1.450488591,1.373779374,
8.948,1.45369669,1.358380498,
8.958,1.456049296,1.337706081,
8.968,1.460968382,1.315035513,
8.978,1.467241998,1.295858209,
8.988,1.471733337,1.282669357,
8.998,1.476082094,1.274470881,
9.008,1.481785381,1.267341772,
9.018,1.487060922,1.261709775,
9.028,1.490625477,1.256576816,
9.038,1.493619703,1.250730947,
9.048,1.494546487,1.244029584,
9.058,1.494974233,1.239965992,
9.068,1.494974233,1.234262704,
9.078,1.495829727,1.227917797,
9.088,1.496756511,1.22093127,
9.098,1.497825877,1.215584438,
9.108,1.498610079,1.211520845,
9.118,1.499893319,1.208526619,
9.128,1.501533014,1.200399435,
9.138,1.50581048,1.192985161,
9.148,1.507236302,1.185998634,
9.158,1.510159236,1.179439853,
9.168,1.514650575,1.173237528,
9.178,1.520924192,1.16617971,
9.188,1.524987784,1.16297161,
9.198,1.527625554,1.157909943,
9.208,1.531332691,1.148784683,
9.218,1.536750814,1.133385807,
9.228,1.540956989,1.11534916,
9.238,1.543380886,1.093890541,
9.248,1.547800934,1.070507062,
9.258,1.553147766,1.051115885,
9.268,1.557924269,1.037998323,
9.278,1.560063002,1.029372101,
9.288,1.565623707,1.023027194,
9.298,1.573964765,1.018535855,
9.308,1.58016709,1.014044516,
9.318,1.58601296,1.007414444,
9.328,1.594354018,0.997504982,
9.338,1.601910874,0.98823714,
9.348,1.607400288,0.978612842,
9.358,1.610251932,0.969701456,
9.368,1.616454257,0.962501055,
9.378,1.624795315,0.956797768,
9.388,1.630926349,0.951664809,
9.398,1.637057383,0.946175395,
9.408,1.642689379,0.941684056,
9.418,1.651244311,0.937335299,
9.428,1.657803091,0.934982693,
9.438,1.665502529,0.934198491,
9.448,1.673772296,0.930491354,
9.458,1.683325303,0.923861282,
9.468,1.690454412,0.918015413,
9.478,1.697013193,0.91395182,
9.488,1.704926504,0.90675142,
9.498,1.7137666,0.90090555,
9.508,1.72032538,0.901048132,
9.518,1.726598997,0.902331372,
9.528,1.734298435,0.900050057,
9.538,1.746061465,0.896770667,
9.548,1.756683838,0.892635783,
9.558,1.76787654,0.885435383,
9.568,1.780780228,0.876809161,
9.578,1.795751358,0.868610685,
9.588,1.806658895,0.861980613,
9.598,1.815926737,0.857417983,
9.607,1.824838124,0.8532831,
9.618,1.83631599,0.851286949,
9.628,1.845084794,0.854281175,
9.637,1.85456651,0.854922795,
9.647,1.862978859,0.850360165,
9.657,1.874028978,0.841163614,
9.667,1.883510694,0.831753189,
9.677,1.893634029,0.824766662,
9.687,1.903187036,0.820417906,
9.697,1.914237155,0.814500745,
9.707,1.922435631,0.808797457,
9.717,1.930776689,0.805589358,
9.727,1.939759367,0.80181093,
9.737,1.950096575,0.798460249,
9.747,1.957083102,0.794966985,
9.757,1.963499301,0.792471797,
9.767,1.972125523,0.790546937,
9.777,1.982106276,0.790832102,
9.787,1.989948297,0.794040201,
9.797,1.995722875,0.795893769,
9.807,2.000713252,0.793184708,
9.817,2.009125601,0.7900479,
9.827,2.013688231,0.78876466,
9.837,2.014686306,0.78940628,
9.847,2.013759522,0.786697218,
9.857,2.014329851,0.786697218,
9.867,2.014757597,0.786697218,
9.877,2.013830813,0.787837876,
9.887,2.017751823,0.785128814,
9.897,2.024952224,0.781706842,
9.907,2.03058422,0.780993931,
9.917,2.034291357,0.779710691,
9.927,2.040208518,0.775504517,
9.937,2.049119904,0.772652873,
9.947,2.055607394,0.771939962,
9.957,2.061453263,0.770656722,
9.967,2.068796246,0.768589281,
9.977,2.078135379,0.768589281,
9.987,2.084480287,0.767306041,
9.997,2.09118165,0.766450548,
10.007,2.098881088,0.761959209,
10.017,2.108434094,0.738789603,
10.027,2.116703861,0.677693136,
10.037,2.122763604,0.621159299,
10.047,2.128253018,0.579667882,
10.057,2.137734734,,
10.067,2.146075792,,
10.077,2.151565206,,
10.087,2.157339784,,
10.097,2.16746312,,
10.107,2.175804178,,
10.117,2.183004578,,
10.127,2.19027627,,
10.137,2.199330239,,
10.147,2.207528714,,
10.157,2.214515242,,
10.167,2.221644351,,
10.177,2.233193508,,
10.187,2.242390059,,
10.197,2.248449802,,
10.207,2.256719569,,
10.217,2.270051003,,
10.227,2.279817883,,
10.237,2.288586688,,
10.247,2.298781314,,
10.257,2.310972091,,
10.267,2.320239933,,
10.277,2.328295827,,
10.287,2.337563669,,
10.297,2.349897028,,
10.307,2.36237297,,
10.317,2.372710178,,
10.327,2.383475133,,
10.337,2.396521404,,
10.347,2.407143777,,
10.357,2.417195821,,
10.367,2.43081242,,
10.377,2.445498385,,
10.387,2.457475289,,
10.397,2.467242168,,
10.407,2.477365504,,
10.417,2.491409849,,
10.427,2.50188964,,
10.437,2.511442646,,
10.447,2.519355958,,
10.457,2.530049622,,
10.467,2.538675844,,
10.477,2.547159484,,
10.487,2.556783782,,
10.497,2.568546812,,
10.507,2.577244326,,
10.517,2.583232778,,
10.527,2.592144164,,
10.537,2.605475599,,
10.547,2.615456352,,
10.557,2.622371588,,
10.567,2.628716496,,
10.577,2.638697249,,
10.587,2.646753142,,
10.597,2.65245643,,
10.607,2.660013286,,
10.617,2.668211761,,
10.627,2.6727031,,
10.637,2.676410237,,
10.647,2.681614487,,
10.657,2.688886179,,
10.667,2.693947846,,
10.677,2.695658832,,
10.687,2.698581767,,
10.697,2.700150171,,
10.707,2.697155945,,
10.717,2.694945922,,
10.727,2.695231086,,
10.737,2.698367894,,
10.747,2.699080805,,
10.757,2.698154021,,
10.767,2.693306226,,
10.777,2.689171343,,
10.787,2.687745521,,
10.797,2.686818737,,
10.807,2.687103901,,
10.817,2.69223686,,
10.827,2.696514326,,
10.837,2.696585617,,
10.847,2.697227236,,
10.857,2.701290829,,
10.867,2.701504702,,
10.877,2.701932449,,
10.887,2.704142473,,
10.897,2.70920414,,
10.907,2.712911277,,
10.917,2.713339024,,
10.927,2.714051935,,
10.937,2.715834212,,
10.947,2.716119376,,
10.957,2.713980644,,
10.967,2.712412239,,
10.977,2.714550972,,
10.987,2.714622263,,
10.997,2.711699329,,
11.007,2.711414164,,
11.017,2.713552897,,
11.027,2.713624188,,
11.037,2.713838061,,
11.047,2.714194517,,
11.057,2.715335174,,
11.067,2.716261958,,
11.077,2.717260034,,
11.087,2.717901654,,
11.097,2.720325551,,
11.107,2.721038462,,
11.117,2.719113602,,
11.127,2.718828438,,
11.137,2.725102054,,
11.147,2.73002114,,
11.157,2.729735975,,
11.167,2.731233088,,
11.177,2.735581845,,
11.187,2.738148324,,
11.197,2.73985931,,
11.207,2.742283208,,
11.217,2.746631964,,
11.227,2.74962619,,
11.237,2.750125228,,
11.247,2.75283429,,
11.257,2.756541426,,
11.267,2.758965324,,
11.277,2.759892108,,
11.287,2.761674385,,
11.297,2.76723509,,
11.307,2.768732203,,
11.317,2.767662837,,
11.327,2.770371899,,
11.337,2.773865162,,
11.347,2.776075186,,
11.357,2.777144552,,
11.367,2.779211994,,
11.377,2.781208145,,
11.387,2.783204295,,
11.397,2.784416244,,
11.407,2.784344953,,
11.417,2.787766925,,
11.427,2.787838217,,
11.437,2.786198521,,
11.447,2.783917206,,
11.457,2.784843991,,
11.467,2.783275587,,
11.477,2.779711032,,
11.487,2.775861313,,
11.497,2.772225467,,
11.507,2.763456662,,
11.517,2.753048163,,
11.527,2.743922903,,
11.537,2.736865085,,
11.547,2.724389143,,
11.557,2.709631887,,
11.567,2.696870781,,
11.577,2.690098127,,
11.587,2.68182836,,
11.597,2.672631809,,
11.607,2.665074953,,
11.617,2.659514248,,
11.627,2.651529645,,
11.637,2.643616334,,
11.647,2.640693399,,
11.657,2.639196286,,
11.667,2.635774314,,
11.677,2.632067177,,
11.687,2.629785862,,
11.697,2.629928444,,
11.707,2.628502622,,
11.717,2.62508065,,
11.727,2.62051802,,
11.737,2.619805109,,
11.747,2.622656753,,
11.757,2.624795485,,
11.767,2.6270768,,
11.777,2.631853304,,
11.787,2.635560441,,
11.797,2.636487225,,
11.807,2.638839831,,
11.817,2.643687625,,
11.827,2.64596894,,
11.837,2.64725218,,
11.847,2.648678002,,
11.857,2.655450656,,
11.867,2.65965683,,
11.877,2.661011361,,
11.887,2.662508474,,
11.897,2.667784015,,
11.907,2.669067255,,
11.917,2.668425635,,
11.927,2.668354344,,
11.937,2.671633734,,
11.947,2.670778241,,
11.957,2.66814047,,
11.967,2.665360118,,
11.977,2.665716573,,
11.987,2.664718498,,
11.997,2.662864929,,
12.007,2.66094007,,
12.017,2.660013286,,
12.027,2.658088426,,
12.037,2.656733895,,
12.047,2.656805186,,
12.057,2.658444882,,
12.067,2.659229084,,
12.077,2.656092275,,
12.087,2.65445258,,
12.097,2.654096125,,
12.107,2.652884176,,
12.117,2.650103824,,
12.127,2.648392837,,
12.137,2.651387063,,
12.147,2.649462204,,
12.157,2.644257954,,
12.167,2.638483375,,
12.177,2.638982413,,
12.187,2.637057553,,
12.197,2.631853304,,
12.207,2.628288749,,
12.217,2.629571989,,
12.227,2.628859078,,
12.237,2.624082574,,
12.247,2.622941917,,
12.257,2.625223232,,
12.267,2.620304146,,
12.277,2.615028606,,
12.287,2.613531493,,
12.297,2.616311845,,
12.307,2.613887948,,
12.317,2.609539191,,
12.327,2.607115294,,
12.337,2.606402383,,
12.347,2.603550739,,
12.357,2.598916818,,
12.367,2.593712569,,
12.377,2.591359962,,
12.387,2.588009281,,
12.397,2.583660524,,
12.407,2.580808881,,
12.417,2.579596932,,
12.427,2.578527566,,
12.437,2.574606555,,
12.447,2.571826203,,
12.457,2.573252025,,
12.467,2.57360848,,
12.477,2.571897494,,
12.487,2.569616179,,
12.497,2.569117141,,
12.507,2.568903268,,
12.517,2.567192282,,
12.527,2.565552587,,
12.537,2.565338713,,
12.547,2.564055474,,
12.557,2.561488994,,
12.567,2.56120383,,
12.577,2.563912891,,
12.587,2.563627727,,
12.597,2.561988032,,
12.607,2.56248707,,
12.617,2.563556436,,
12.627,2.563556436,,
12.637,2.562130614,,
12.647,2.563128689,,
12.657,2.567691319,,
12.667,2.568475521,,
12.677,2.566764535,,
12.687,2.567833902,,
12.697,2.571683621,,
12.707,2.573109442,,
12.717,2.569972634,,
12.727,2.569473597,,
12.737,2.574178809,,
12.747,2.577030453,,
12.757,2.578028528,,
12.767,2.580024679,,
12.777,2.586440877,,
12.787,2.589934141,,
12.797,2.591502545,,
12.807,2.593569986,,
12.817,2.597633579,,
12.827,2.598275199,,
12.837,2.598417781,,
12.847,2.599415856,,
12.857,2.603336866,,
12.867,2.602552664,,
12.877,2.598560363,,
12.887,2.596706794,,
12.897,2.598061325,,
12.907,2.595566137,,
12.917,2.592072873,,
12.927,2.590005432,,
12.937,2.590361887,,
12.947,2.588936065,,
12.957,2.587438952,,
12.967,2.588722192,,
12.977,2.593641277,,
12.987,2.594140315,,
12.997,2.594354188,,
13.007,2.593926442,,
13.017,2.596350339,,
13.027,2.595423555,,
13.037,2.591074798,,
13.047,2.590005432,,
13.057,2.594995808,,
13.067,2.600841678,,
13.077,2.606544965,,
13.087,2.612747291,,
13.097,2.62051802,,
13.107,2.626007434,,
13.117,2.626720345,,
13.127,2.629999735,,
13.137,2.637342718,,
13.147,2.645256029,,
13.157,2.65053157,,
13.167,2.65573582,,
13.177,2.666572066,,
13.187,2.673843758,,
13.197,2.678263806,,
13.207,2.686248408,,
13.217,2.69679949,,
13.227,2.703572144,,
13.237,2.707350572,,
13.247,2.714764846,,
13.257,2.724103979,,
13.267,2.730377595,,
13.277,2.731161797,,
13.287,2.736651211,,
13.297,2.744136776,,
13.307,2.75026781,,
13.317,2.755614642,,
13.327,2.764169573,,
13.337,2.775219693,,
13.347,2.782990422,,
13.357,2.789834367,,
13.367,2.798389298,,
13.377,2.810936531,,
13.387,2.822343106,,
13.397,2.832680314,,
13.407,2.842019448,,
13.417,2.855137009,,
13.427,2.866472293,,
13.437,2.87410044,,
13.447,2.883510864,,
13.457,2.895915514,,
13.467,2.907607254,,
13.477,2.916447349,,
13.487,2.924788407,,
13.497,2.938405006,,
13.507,2.950595783,,
13.517,2.95886555,,
13.527,2.970200834,,
13.537,2.988308772,,
13.547,3.000713422,,
13.557,3.009410936,,
13.567,3.020033308,,
13.577,3.035717349,,
13.587,3.047694253,,
13.597,3.058031461,,
13.607,3.069224163,,
13.617,3.085549824,,
13.627,3.098738676,,
13.637,3.11007396,,
13.647,3.119127929,,
13.657,3.132031617,,
13.667,3.141584623,,
13.677,3.150567301,,
13.687,3.162829369,,
13.697,3.177586625,,
13.707,3.187567379,,
13.717,3.195765854,,
13.727,3.20332271,,
13.737,3.215656069,,
13.747,3.224638747,,
13.757,3.233621425,,
13.767,3.243031849,,
13.777,3.256577157,,
13.787,3.266058873,,
13.797,3.27047892,,
13.807,3.277108992,,
13.817,3.291866248,,
13.827,3.307906745,,
13.837,3.319812357,,
13.847,3.331575388,,
13.857,3.345833606,,
13.867,3.356955017,,
13.877,3.366151568,,
13.887,3.378912674,,
13.897,3.396949321,,
13.907,3.409425262,,
13.917,3.415485005,,
13.927,3.423113152,,
13.937,3.43730008,,
13.947,3.448849237,,
13.957,3.458473534,,
13.967,3.474157575,,
13.977,3.491695184,,
13.987,3.50645244,,
13.997,3.516076738,,
14.007,3.526699111,,
14.017,3.54231186,,
14.027,3.556783952,,
14.037,3.569616349,,
14.047,3.581308089,,
14.057,3.594924688,,
14.067,3.606259971,,
14.077,3.615527814,,
14.087,3.623013378,,
14.097,3.635917066,,
14.107,3.647751388,,
14.117,3.655878573,,
14.127,3.666429654,,
14.137,3.683040479,,
14.147,3.696371914,,
14.157,3.708206235,,
14.167,3.718899899,,
14.177,3.735296851,,
14.187,3.74827183,,
14.197,3.756684179,,
14.207,3.766878805,,
14.217,3.781992517,,
14.227,3.79261489,,
14.237,3.798674633,,
14.247,3.806659236,,
14.257,3.820347126,,
14.267,3.829971423,,
14.277,3.831896283,,
14.287,3.833749851,,
14.297,3.841734454,,
14.307,3.844871262,,
14.317,3.848934854,,
14.327,3.85321232,,
14.337,3.857275912,,
14.347,3.857204621,,
14.357,3.85585009,,
14.367,3.855636217,,
14.377,3.856206546,,
14.387,3.853711357,,
14.397,3.84800807,,
14.407,3.844015769,,
14.417,3.846011919,,
14.427,3.846368375,,
14.437,3.841235416,,
14.447,3.833821142,,
14.457,3.830613043,,
14.467,3.827048488,,
14.477,3.819634215,,
14.487,3.812362523,,
14.497,3.810081208,,
14.507,3.806659236,,
14.517,3.798104304,,
14.527,3.789763246,,
14.537,3.788480007,,
14.547,3.78541449,,
14.557,3.780780569,,
14.567,3.777501178,,
14.577,3.776075356,,
14.587,3.772510802,,
14.597,3.764740073,,
14.607,3.760605189,,
14.617,3.759749696,,
14.627,3.756042559,,
14.637,3.750553145,,
14.647,3.749056032,,
14.657,3.746774717,,
14.667,3.741356594,,
14.677,3.732231334,,
14.687,3.726029009,,
14.697,3.723106074,,
14.707,3.717331495,,
14.717,3.709917222,,
14.727,3.700934544,,
14.737,3.696728369,,
14.747,3.692165739,,
14.757,3.685963414,,
14.767,3.678335267,,
14.777,3.671776486,,
14.787,3.66158186,,
14.797,3.646182984,,
14.807,3.629928614,,
14.817,3.618878495,,
14.827,3.607543211,,
14.837,3.592714664,,
14.847,3.581735835,,
14.857,3.575747383,,
14.867,3.567548908,,
14.877,3.553148107,,
14.887,3.539887963,,
14.897,3.533044018,,
14.907,3.523205847,,
14.917,3.510444742,,
14.927,3.500677862,,
14.937,3.494261663,,
14.947,3.480930229,,
14.957,3.462893582,,
14.967,3.448920528,,
14.977,3.439438812,,
14.987,3.427818364,,
14.997,3.415627587,,
15,3.405789416,,