frame,sec_elapsed,frontwheel_x,frontwheel_y,frontwheel_r,frontfender_x,frontfender_y,rearwheel_x,rearwheel_y,rearwheel_r,rearfender_x,rearfender_y
0,0,0,0,0,0,0,0,0,0,0,0
1,0.01668335,0,0,0,0,0,0,0,0,0,0
2,0.0333667,0,0,0,0,0,0,0,0,0,0
3,0.05005005,0,0,0,0,0,0,0,0,0,0
4,0.0667334,0,0,0,0,0,0,0,0,0,0
5,0.08341675,0,0,0,0,0,0,0,0,0,0
6,0.1001001,0,0,0,0,0,0,0,0,0,0
7,0.11678345,0,0,0,0,0,0,0,0,0,0
8,0.1334668,0,0,0,0,0,0,0,0,0,0
9,0.15015015,0,0,0,0,0,0,0,0,0,0
10,0.1668335,0,0,0,0,0,0,0,0,0,0
11,0.18351685,0,0,0,0,0,0,0,0,0,0
12,0.2002002,0,0,0,0,0,0,0,0,0,0
13,0.21688355,0,0,0,0,0,0,0,0,0,0
14,0.2335669,0,0,0,0,0,0,0,0,0,0
15,0.25025025,0,0,0,0,0,0,0,0,0,0
16,0.2669336,0,0,0,0,0,0,0,0,0,0
17,0.28361695,0,0,0,0,0,0,0,0,0,0
18,0.3003003,0,0,0,0,0,0,0,0,0,0
19,0.31698365,0,0,0,0,0,0,0,0,0,0
20,0.333667,0,0,0,0,0,0,0,0,0,0
21,0.35035035,0,0,0,0,0,0,0,0,0,0
22,0.3670337,0,0,0,0,0,0,0,0,0,0
23,0.38371705,0,0,0,0,0,0,0,0,0,0
24,0.4004004,0,0,0,0,0,0,0,0,0,0
25,0.41708375,0,0,0,0,0,0,0,0,0,0
26,0.4337671,0,0,0,0,0,0,0,0,0,0
27,0.45045045,0,0,0,0,0,0,0,0,0,0
28,0.4671338,0,0,0,0,0,0,0,0,0,0
29,0.48381715,0,0,0,0,0,0,0,0,0,0
30,0.500500501,0,0,0,0,0,0,0,0,0,0
31,0.517183851,0,0,0,0,0,0,0,0,0,0
32,0.533867201,0,0,0,0,0,0,0,0,0,0
33,0.550550551,0,0,0,0,0,0,0,0,0,0
34,0.567233901,0,0,0,0,0,0,0,0,0,0
35,0.583917251,0,0,0,0,0,0,0,0,0,0
36,0.600600601,0,0,0,0,0,0,0,0,0,0
37,0.617283951,0,0,0,0,0,0,0,0,0,0
38,0.633967301,0,0,0,0,0,0,0,0,0,0
39,0.650650651,0,0,0,0,0,0,0,0,0,0
40,0.667334001,0,0,0,0,0,0,0,0,0,0
41,0.684017351,0,0,0,0,0,0,0,0,0,0
42,0.700700701,0,0,0,0,0,0,0,0,0,0
43,0.717384051,0,0,0,0,0,0,0,0,0,0
44,0.734067401,0,0,0,0,0,0,0,0,0,0
45,0.750750751,0,0,0,0,0,0,0,0,0,0
46,0.767434101,0,0,0,0,0,0,0,0,0,0
47,0.784117451,0,0,0,0,0,0,0,0,0,0
48,0.800800801,0,0,0,0,0,0,0,0,0,0
49,0.817484151,0,0,0,0,0,0,0,0,0,0
50,0.834167501,0,0,0,0,0,0,0,0,0,0
51,0.850850851,0,0,0,0,0,0,0,0,0,0
52,0.867534201,0,0,0,0,0,0,0,0,0,0
53,0.884217551,0,0,0,0,0,0,0,0,0,0
54,0.900900901,0,0,0,0,0,0,0,0,0,0
55,0.917584251,0,0,0,0,0,0,0,0,0,0
56,0.934267601,0,0,0,0,0,0,0,0,0,0
57,0.950950951,0,0,0,0,0,0,0,0,0,0
58,0.967634301,0,0,0,0,0,0,0,0,0,0
59,0.984317651,0,0,0,0,0,0,0,0,0,0
60,1.001001001,0,0,0,0,0,0,0,0,0,0
61,1.017684351,0,0,0,0,0,0,0,0,0,0
62,1.034367701,0,0,0,0,0,0,0,0,0,0
63,1.051051051,0,0,0,0,0,0,0,0,0,0
64,1.067734401,0,0,0,0,0,0,0,0,0,0
65,1.084417751,0,0,0,0,0,0,0,0,0,0
66,1.101101101,0,0,0,0,0,0,0,0,0,0
67,1.117784451,0,0,0,0,0,0,0,0,0,0
68,1.134467801,0,0,0,0,0,0,0,0,0,0
69,1.151151151,0,0,0,0,0,0,0,0,0,0
70,1.167834501,0,0,0,0,0,0,0,0,0,0
71,1.184517851,0,0,0,0,0,0,0,0,0,0
72,1.201201201,0,0,0,0,0,0,0,0,0,0
73,1.217884551,0,0,0,0,0,0,0,0,0,0
74,1.234567901,0,0,0,0,0,0,0,0,0,0
75,1.251251251,0,0,0,0,0,0,0,0,0,0
76,1.267934601,0,0,0,0,0,0,0,0,0,0
77,1.284617951,0,0,0,0,0,0,0,0,0,0
78,1.301301301,0,0,0,0,0,0,0,0,0,0
79,1.317984651,0,0,0,0,0,0,0,0,0,0
80,1.334668001,0,0,0,0,0,0,0,0,0,0
81,1.351351351,0,0,0,0,0,0,0,0,0,0
82,1.368034701,0,0,0,0,0,0,0,0,0,0
83,1.384718051,0,0,0,0,0,0,0,0,0,0
84,1.401401401,0,0,0,0,0,0,0,0,0,0
85,1.418084751,0,0,0,0,0,0,0,0,0,0
86,1.434768101,0,0,0,0,0,0,0,0,0,0
87,1.451451451,0,0,0,0,0,0,0,0,0,0
88,1.468134801,0,0,0,0,0,0,0,0,0,0
89,1.484818151,0,0,0,0,0,0,0,0,0,0
90,1.501501502,0,0,0,0,0,0,0,0,0,0
91,1.518184852,0,0,0,0,0,0,0,0,0,0
92,1.534868202,0,0,0,0,0,0,0,0,0,0
93,1.551551552,0,0,0,0,0,0,0,0,0,0
94,1.568234902,0,0,0,0,0,0,0,0,0,0
95,1.584918252,0,0,0,0,0,0,0,0,0,0
96,1.601601602,0,0,0,0,0,0,0,0,0,0
97,1.618284952,0,0,0,0,0,0,0,0,0,0
98,1.634968302,0,0,0,0,0,0,0,0,0,0
99,1.651651652,0,0,0,0,0,0,0,0,0,0
100,1.668335002,0,0,0,0,0,0,0,0,0,0
101,1.685018352,0,0,0,0,0,0,0,0,0,0
102,1.701701702,0,0,0,0,0,0,0,0,0,0
103,1.718385052,0,0,0,0,0,0,0,0,0,0
104,1.735068402,0,0,0,0,0,0,0,0,0,0
105,1.751751752,0,0,0,0,0,0,0,0,0,0
106,1.768435102,0,0,0,0,0,0,0,0,0,0
107,1.785118452,0,0,0,0,0,0,0,0,0,0
108,1.801801802,0,0,0,0,0,0,0,0,0,0
109,1.818485152,0,0,0,0,0,0,0,0,0,0
110,1.835168502,0,0,0,0,0,0,0,0,0,0
111,1.851851852,0,0,0,0,0,0,0,0,0,0
112,1.868535202,0,0,0,0,0,0,0,0,0,0
113,1.885218552,0,0,0,0,0,0,0,0,0,0
114,1.901901902,0,0,0,0,0,0,0,0,0,0
115,1.918585252,0,0,0,0,0,0,0,0,0,0
116,1.935268602,0,0,0,0,0,0,0,0,0,0
117,1.951951952,0,0,0,0,0,0,0,0,0,0
118,1.968635302,0,0,0,0,0,0,0,0,0,0
119,1.985318652,0,0,0,0,0,0,0,0,0,0
120,2.002002002,0,0,0,0,0,0,0,0,0,0
121,2.018685352,0,0,0,0,0,0,0,0,0,0
122,2.035368702,0,0,0,0,0,0,0,0,0,0
123,2.052052052,0,0,0,0,0,0,0,0,0,0
124,2.068735402,0,0,0,0,0,0,0,0,0,0
125,2.085418752,0,0,0,0,0,0,0,0,0,0
126,2.102102102,0,0,0,0,0,0,0,0,0,0
127,2.118785452,0,0,0,0,0,0,0,0,0,0
128,2.135468802,0,0,0,0,0,0,0,0,0,0
129,2.152152152,0,0,0,0,0,0,0,0,0,0
130,2.168835502,0,0,0,0,0,0,0,0,0,0
131,2.185518852,0,0,0,0,0,0,0,0,0,0
132,2.202202202,0,0,0,0,0,0,0,0,0,0
133,2.218885552,0,0,0,0,0,0,0,0,0,0
134,2.235568902,0,0,0,0,0,0,0,0,0,0
135,2.252252252,0,0,0,0,0,0,0,0,0,0
136,2.268935602,0,0,0,0,0,0,0,0,0,0
137,2.285618952,0,0,0,0,0,0,0,0,0,0
138,2.302302302,0,0,0,0,0,0,0,0,0,0
139,2.318985652,0,0,0,0,0,0,0,0,0,0
140,2.335669002,0,0,0,0,0,0,0,0,0,0
141,2.352352352,0,0,0,0,0,0,0,0,0,0
142,2.369035702,0,0,0,0,0,0,0,0,0,0
143,2.385719052,0,0,0,0,0,0,0,0,0,0
144,2.402402402,0,0,0,0,0,0,0,0,0,0
145,2.419085752,0,0,0,0,0,0,0,0,0,0
146,2.435769102,0,0,0,0,0,0,0,0,0,0
147,2.452452452,0,0,0,0,0,0,0,0,0,0
148,2.469135802,0,0,0,0,0,0,0,0,0,0
149,2.485819152,0,0,0,0,0,0,0,0,0,0
150,2.502502503,0,0,0,0,0,0,0,0,0,0
151,2.519185853,0,0,0,0,0,0,0,0,0,0
152,2.535869203,0,0,0,0,0,0,0,0,0,0
153,2.552552553,0,0,0,0,0,0,0,0,0,0
154,2.569235903,0,0,0,0,0,0,0,0,0,0
155,2.585919253,0,0,0,0,0,0,0,0,0,0
156,2.602602603,0,0,0,0,0,0,0,0,0,0
157,2.619285953,0,0,0,0,0,0,0,0,0,0
158,2.635969303,0,0,0,0,0,0,0,0,0,0
159,2.652652653,0,0,0,0,0,0,0,0,0,0
160,2.669336003,0,0,0,0,0,0,0,0,0,0
161,2.686019353,0,0,0,0,0,0,0,0,0,0
162,2.702702703,0,0,0,0,0,0,0,0,0,0
163,2.719386053,0,0,0,0,0,0,0,0,0,0
164,2.736069403,0,0,0,0,0,0,0,0,0,0
165,2.752752753,0,0,0,0,0,0,0,0,0,0
166,2.769436103,0,0,0,0,0,0,0,0,0,0
167,2.786119453,0,0,0,0,0,0,0,0,0,0
168,2.802802803,0,0,0,0,0,0,0,0,0,0
169,2.819486153,0,0,0,0,0,0,0,0,0,0
170,2.836169503,0,0,0,0,0,0,0,0,0,0
171,2.852852853,0,0,0,0,0,0,0,0,0,0
172,2.869536203,0,0,0,0,0,0,0,0,0,0
173,2.886219553,0,0,0,0,0,0,0,0,0,0
174,2.902902903,0,0,0,0,0,0,0,0,0,0
175,2.919586253,0,0,0,0,0,0,0,0,0,0
176,2.936269603,0,0,0,0,0,0,0,0,0,0
177,2.952952953,0,0,0,0,0,0,0,0,0,0
178,2.969636303,0,0,0,0,0,0,0,0,0,0
179,2.986319653,0,0,0,0,0,0,0,0,0,0
180,3.003003003,0,0,0,0,0,0,0,0,0,0
181,3.019686353,0,0,0,0,0,0,0,0,0,0
182,3.036369703,0,0,0,0,0,0,0,0,0,0
183,3.053053053,0,0,0,0,0,0,0,0,0,0
184,3.069736403,0,0,0,0,0,0,0,0,0,0
185,3.086419753,0,0,0,0,0,0,0,0,0,0
186,3.103103103,0,0,0,0,0,0,0,0,0,0
187,3.119786453,0,0,0,0,0,0,0,0,0,0
188,3.136469803,0,0,0,0,0,0,0,0,0,0
189,3.153153153,0,0,0,0,0,0,0,0,0,0
190,3.169836503,0,0,0,0,0,0,0,0,0,0
191,3.186519853,0,0,0,0,0,0,0,0,0,0
192,3.203203203,0,0,0,0,0,0,0,0,0,0
193,3.219886553,0,0,0,0,0,0,0,0,0,0
194,3.236569903,0,0,0,0,0,0,0,0,0,0
195,3.253253253,0,0,0,0,0,0,0,0,0,0
196,3.269936603,0,0,0,0,0,0,0,0,0,0
197,3.286619953,0,0,0,0,0,0,0,0,0,0
198,3.303303303,0,0,0,0,0,0,0,0,0,0
199,3.319986653,0,0,0,0,0,0,0,0,0,0
200,3.336670003,0,0,0,0,0,0,0,0,0,0
201,3.353353353,0,0,0,0,0,0,0,0,0,0
202,3.370036703,0,0,0,0,0,0,0,0,0,0
203,3.386720053,0,0,0,0,0,0,0,0,0,0
204,3.403403403,0,0,0,0,0,0,0,0,0,0
205,3.420086753,0,0,0,0,0,0,0,0,0,0
206,3.436770103,0,0,0,0,0,0,0,0,0,0
207,3.453453453,0,0,0,0,0,0,0,0,0,0
208,3.470136803,0,0,0,0,0,0,0,0,0,0
209,3.486820153,0,0,0,0,0,0,0,0,0,0
210,3.503503504,0,0,0,0,0,0,0,0,0,0
211,3.520186854,0,0,0,0,0,0,0,0,0,0
212,3.536870204,0,0,0,0,0,0,0,0,0,0
213,3.553553554,0,0,0,0,0,0,0,0,0,0
214,3.570236904,0,0,0,0,0,0,0,0,0,0
215,3.586920254,0,0,0,0,0,0,0,0,0,0
216,3.603603604,0,0,0,0,0,0,0,0,0,0
217,3.620286954,0,0,0,0,0,0,0,0,0,0
218,3.636970304,0,0,0,0,0,0,0,0,0,0
219,3.653653654,0,0,0,0,0,0,0,0,0,0
220,3.670337004,0,0,0,0,0,0,0,0,0,0
221,3.687020354,0,0,0,0,0,0,0,0,0,0
222,3.703703704,0,0,0,0,0,0,0,0,0,0
223,3.720387054,0,0,0,0,0,0,0,0,0,0
224,3.737070404,0,0,0,0,0,0,0,0,0,0
225,3.753753754,0,0,0,0,0,0,0,0,0,0
226,3.770437104,0,0,0,0,0,0,0,0,0,0
227,3.787120454,0,0,0,0,0,0,0,0,0,0
228,3.803803804,0,0,0,0,0,0,0,0,0,0
229,3.820487154,0,0,0,0,0,0,0,0,0,0
230,3.837170504,0,0,0,0,0,0,0,0,0,0
231,3.853853854,0,0,0,0,0,0,0,0,0,0
232,3.870537204,0,0,0,0,0,0,0,0,0,0
233,3.887220554,0,0,0,0,0,0,0,0,0,0
234,3.903903904,0,0,0,0,0,0,0,0,0,0
235,3.920587254,0,0,0,0,0,0,0,0,0,0
236,3.937270604,0,0,0,0,0,0,0,0,0,0
237,3.953953954,0,0,0,0,0,0,0,0,0,0
238,3.970637304,0,0,0,0,0,0,0,0,0,0
239,3.987320654,0,0,0,0,0,0,0,0,0,0
240,4.004004004,0,0,0,0,0,0,0,0,0,0
241,4.020687354,0,0,0,0,0,0,0,0,0,0
242,4.037370704,0,0,0,0,0,0,0,0,0,0
243,4.054054054,0,0,0,0,0,0,0,0,0,0
244,4.070737404,0,0,0,0,0,0,0,0,0,0
245,4.087420754,0,0,0,0,0,0,0,0,0,0
246,4.104104104,0,0,0,0,0,0,0,0,0,0
247,4.120787454,0,0,0,0,0,0,0,0,0,0
248,4.137470804,0,0,0,0,0,0,0,0,0,0
249,4.154154154,0,0,0,0,0,0,0,0,0,0
250,4.170837504,0,0,0,0,0,0,0,0,0,0
251,4.187520854,0,0,0,0,0,0,0,0,0,0
252,4.204204204,0,0,0,0,0,0,0,0,0,0
253,4.220887554,0,0,0,0,0,0,0,0,0,0
254,4.237570904,0,0,0,0,0,0,0,0,0,0
255,4.254254254,0,0,0,0,0,0,0,0,0,0
256,4.270937604,0,0,0,0,0,0,0,0,0,0
257,4.287620954,0,0,0,0,0,0,0,0,0,0
258,4.304304304,0,0,0,0,0,0,0,0,0,0
259,4.320987654,0,0,0,0,0,0,0,0,0,0
260,4.337671004,0,0,0,0,0,0,0,0,0,0
261,4.354354354,0,0,0,0,0,0,0,0,0,0
262,4.371037704,0,0,0,0,0,0,0,0,0,0
263,4.387721054,0,0,0,0,0,0,0,0,0,0
264,4.404404404,0,0,0,0,0,0,0,0,0,0
265,4.421087754,0,0,0,0,0,0,0,0,0,0
266,4.437771104,0,0,0,0,0,0,0,0,0,0
267,4.454454454,0,0,0,0,0,0,0,0,0,0
268,4.471137804,0,0,0,0,0,0,0,0,0,0
269,4.487821154,0,0,0,0,0,0,0,0,0,0
270,4.504504505,0,0,0,0,0,0,0,0,0,0
271,4.521187855,0,0,0,0,0,0,0,0,0,0
272,4.537871205,0,0,0,0,0,0,0,0,0,0
273,4.554554555,0,0,0,0,0,0,0,0,0,0
274,4.571237905,0,0,0,0,0,0,0,0,0,0
275,4.587921255,0,0,0,0,0,0,0,0,0,0
276,4.604604605,0,0,0,0,0,0,0,0,0,0
277,4.621287955,0,0,0,0,0,0,0,0,0,0
278,4.637971305,0,0,0,0,0,0,0,0,0,0
279,4.654654655,0,0,0,0,0,0,0,0,0,0
280,4.671338005,0,0,0,0,0,0,0,0,0,0
281,4.688021355,0,0,0,0,0,0,0,0,0,0
282,4.704704705,0,0,0,0,0,0,0,0,0,0
283,4.721388055,0,0,0,0,0,0,0,0,0,0
284,4.738071405,0,0,0,0,0,0,0,0,0,0
285,4.754754755,0,0,0,0,0,0,0,0,0,0
286,4.771438105,0,0,0,0,0,0,0,0,0,0
287,4.788121455,0,0,0,0,0,0,0,0,0,0
288,4.804804805,0,0,0,0,0,0,0,0,0,0
289,4.821488155,0,0,0,0,0,0,0,0,0,0
290,4.838171505,0,0,0,0,0,0,0,0,0,0
291,4.854854855,0,0,0,0,0,0,0,0,0,0
292,4.871538205,0,0,0,0,0,0,0,0,0,0
293,4.888221555,0,0,0,0,0,0,0,0,0,0
294,4.904904905,0,0,0,0,0,0,0,0,0,0
295,4.921588255,0,0,0,0,0,0,0,0,0,0
296,4.938271605,0,0,0,0,0,0,0,0,0,0
297,4.954954955,0,0,0,0,0,0,0,0,0,0
298,4.971638305,0,0,0,0,0,0,0,0,0,0
299,4.988321655,2628,190,30,2628,123,0,0,0,0,0
300,5.005005005,2615,188,30,2615,123,0,0,0,0,0
301,5.021688355,2608,190,29,2608,123,0,0,0,0,0
302,5.038371705,2597,190,28,2597,123,0,0,0,0,0
303,5.055055055,2589,192,27,2589,123,0,0,0,0,0
304,5.071738405,2580,192,29,2580,123,0,0,0,0,0
305,5.088421755,2570,192,27,2570,123,0,0,0,0,0
306,5.105105105,2559,188,30,2559,123,0,0,0,0,0
307,5.121788455,2553,190,29,2553,123,0,0,0,0,0
308,5.138471805,2541,190,28,2541,123,0,0,0,0,0
309,5.155155155,2531,190,28,2531,123,0,0,0,0,0
310,5.171838505,2525,190,29,2525,123,0,0,0,0,0
311,5.188521855,2517,190,30,2517,123,0,0,0,0,0
312,5.205205205,2508,190,30,2508,123,0,0,0,0,0
313,5.221888555,2498,190,29,2498,123,0,0,0,0,0
314,5.238571905,2487,190,31,2487,123,0,0,0,0,0
315,5.255255255,2483,190,29,2483,123,0,0,0,0,0
316,5.271938605,2472,190,27,2472,123,0,0,0,0,0
317,5.288621955,2461,190,31,2461,123,0,0,0,0,0
318,5.305305305,2458,190,27,2458,123,0,0,0,0,0
319,5.321988655,2448,192,28,2448,123,0,0,0,0,0
320,5.338672005,2440,190,29,2440,123,0,0,0,0,0
321,5.355355355,2428,188,29,2428,123,0,0,0,0,0
322,5.372038705,2424,192,28,2424,123,0,0,0,0,0
323,5.388722055,2414,192,29,2414,123,0,0,0,0,0
324,5.405405405,2405,188,30,2405,123,0,0,0,0,0
325,5.422088755,2396,188,29,2396,123,0,0,0,0,0
326,5.438772105,2389,192,30,2389,123,0,0,0,0,0
327,5.455455455,2383,192,29,2383,123,0,0,0,0,0
328,5.472138805,2372,188,29,2372,123,0,0,0,0,0
329,5.488822155,2368,192,28,2368,124,0,0,0,0,0
330,5.505505506,2356,190,29,2356,124,0,0,0,0,0
331,5.522188856,2349,192,28,2349,124,0,0,0,0,0
332,5.538872206,2341,190,29,2341,124,0,0,0,0,0
333,5.555555556,2336,192,29,2336,124,0,0,0,0,0
334,5.572238906,2326,192,29,2326,124,0,0,0,0,0
335,5.588922256,2322,192,28,2322,125,0,0,0,0,0
336,5.605605606,2313,192,29,2313,125,0,0,0,0,0
337,5.622288956,2306,188,32,2306,125,0,0,0,0,0
338,5.638972306,2298,192,30,2298,125,0,0,0,0,0
339,5.655655656,2288,192,29,2288,125,0,0,0,0,0
340,5.672339006,2282,190,29,2282,125,0,0,0,0,0
341,5.689022356,2274,190,29,2274,125,0,0,0,0,0
342,5.705705706,2268,188,29,2268,125,0,0,0,0,0
343,5.722389056,2263,192,29,2263,125,0,0,0,0,0
344,5.739072406,2254,192,30,2254,125,0,0,0,0,0
345,5.755755756,2248,192,29,2248,125,0,0,0,0,0
346,5.772439106,2238,190,29,2238,125,0,0,0,0,0
347,5.789122456,2230,188,27,2230,125,0,0,0,0,0
348,5.805805806,2225,190,30,2225,125,0,0,0,0,0
349,5.822489156,2217,188,27,2217,125,0,0,0,0,0
350,5.839172506,2213,190,29,2213,125,0,0,0,0,0
351,5.855855856,2208,192,29,2208,125,0,0,0,0,0
352,5.872539206,2200,190,30,2200,125,0,0,0,0,0
353,5.889222556,2192,188,28,2192,125,0,0,0,0,0
354,5.905905906,2187,190,29,2187,125,0,0,0,0,0
355,5.922589256,2179,190,29,2179,125,0,0,0,0,0
356,5.939272606,2174,188,29,2174,125,0,0,0,0,0
357,5.955955956,2167,190,29,2167,125,0,0,0,0,0
358,5.972639306,2163,192,29,2163,125,0,0,0,0,0
359,5.989322656,2159,192,29,2159,125,0,0,0,0,0
360,6.006006006,2148,190,27,2148,125,0,0,0,0,0
361,6.022689356,2145,190,29,2145,125,0,0,0,0,0
362,6.039372706,2139,188,29,2139,125,0,0,0,0,0
363,6.056056056,2136,192,28,2136,125,0,0,0,0,0
364,6.072739406,2127,190,30,2127,125,0,0,0,0,0
365,6.089422756,2120,190,29,2120,125,0,0,0,0,0
366,6.106106106,2115,188,27,2115,125,0,0,0,0,0
367,6.122789456,2112,192,28,2112,125,0,0,0,0,0
368,6.139472806,2105,190,29,2105,125,0,0,0,0,0
369,6.156156156,2101,190,29,2101,125,0,0,0,0,0
370,6.172839506,2094,188,29,2094,125,0,0,0,0,0
371,6.189522856,2089,188,28,2089,125,0,0,0,0,0
372,6.206206206,2086,190,28,2086,125,0,0,0,0,0
373,6.222889556,2078,188,29,2078,125,0,0,0,0,0
374,6.239572906,2076,190,29,2076,125,0,0,0,0,0
375,6.256256256,2068,188,29,2068,125,0,0,0,0,0
376,6.272939606,2064,190,29,2064,125,0,0,0,0,0
377,6.289622956,2058,190,28,2058,125,0,0,0,0,0
378,6.306306306,2056,190,29,2056,125,0,0,0,0,0
379,6.322989656,2050,190,28,2050,125,0,0,0,0,0
380,6.339673006,2046,190,29,2046,125,0,0,0,0,0
381,6.356356356,2040,190,28,2040,125,0,0,0,0,0
382,6.373039706,2036,190,27,2036,125,0,0,0,0,0
383,6.389723056,2032,190,29,2032,125,0,0,0,0,0
384,6.406406406,2028,190,30,2028,125,0,0,0,0,0
385,6.423089756,2025,190,29,2025,125,2611,194,28,2611,125
386,6.439773106,2019,190,29,2019,125,0,0,0,0,0
387,6.456456456,2015,190,29,2015,125,2599,192,28,2599,125
388,6.473139806,2010,190,28,2010,125,0,0,0,0,0
389,6.489823156,2005,190,28,2005,125,2589,192,29,2589,125
390,6.506506507,2001,188,29,2001,125,0,0,0,0,0
391,6.523189857,1997,190,27,1997,125,0,0,0,0,0
392,6.539873207,1992,188,26,1992,125,2578,190,29,2578,125
393,6.556556557,1991,190,30,1991,125,2575,192,31,2575,125
394,6.573239907,1986,190,29,1986,125,0,0,0,0,0
395,6.589923257,1983,190,29,1983,125,2565,194,30,2565,125
396,6.606606607,1980,190,29,1980,125,2562,194,29,2562,125
397,6.623289957,1974,192,29,1974,125,0,0,0,0,0
398,6.639973307,1970,188,29,1970,125,2554,190,31,2554,125
399,6.656656657,1965,188,29,1965,124,2549,190,29,2549,125
400,6.673340007,1961,190,30,1961,124,2543,190,29,2543,125
401,6.690023357,1960,188,28,1960,124,0,0,0,0,0
402,6.706706707,1954,188,28,1954,124,0,0,0,0,0
403,6.723390057,1950,188,29,1950,124,0,0,0,0,0
404,6.740073407,1947,188,30,1947,124,0,0,0,0,0
405,6.756756757,1942,186,29,1942,124,2522,192,29,2522,125
406,6.773440107,1937,188,28,1937,123,2519,192,30,2519,125
407,6.790123457,1936,186,30,1936,123,2516,192,31,2516,125
408,6.806806807,1931,186,29,1931,123,2511,192,28,2511,125
409,6.823490157,1928,186,29,1928,122,0,0,0,0,0
410,6.840173507,1924,186,29,1924,122,2502,192,28,2502,126
411,6.856856857,1919,184,29,1919,121,2501,190,28,2501,126
412,6.873540207,1916,186,30,1916,121,2496,192,30,2496,126
413,6.890223557,1913,184,28,1913,120,0,0,0,0,0
414,6.906906907,1910,184,27,1910,119,2488,192,30,2488,126
415,6.923590257,1903,182,26,1903,119,2485,192,29,2485,126
416,6.940273607,1900,182,28,1900,118,2482,194,30,2482,126
417,6.956956957,1897,184,29,1897,118,2477,194,30,2477,126
418,6.973640307,1896,186,27,1896,117,2474,194,29,2474,126
419,6.990323657,1890,184,28,1890,117,2468,194,28,2468,126
420,7.007007007,1887,184,30,1887,116,0,0,0,0,0
421,7.023690357,1882,184,30,1882,116,2462,190,29,2462,126
422,7.040373707,1879,184,30,1879,116,2459,192,32,2459,126
423,7.057057057,1874,184,29,1874,116,2454,192,29,2454,126
424,7.073740407,1870,182,27,1870,116,0,0,0,0,0
425,7.090423757,1867,184,30,1867,115,2445,192,29,2445,127
426,7.107107107,1864,186,28,1864,116,2444,194,30,2444,127
427,7.123790457,1861,184,30,1861,116,2437,192,28,2437,127
428,7.140473807,1856,184,29,1856,116,0,0,0,0,0
429,7.157157157,1852,184,26,1852,116,2432,194,29,2432,127
430,7.173840507,1847,190,25,1847,117,2425,194,30,2425,127
431,7.190523857,1845,186,29,1845,117,2423,192,31,2423,127
432,7.207207207,1843,186,29,1843,118,2415,194,29,2415,127
433,7.223890557,1838,186,30,1838,118,2416,196,29,2416,127
434,7.240573907,1833,186,28,1833,119,2411,192,28,2411,127
435,7.257257257,1832,186,27,1832,119,2406,192,29,2406,127
436,7.273940607,1827,188,29,1827,120,2401,190,29,2401,126
437,7.290623957,1823,190,28,1823,121,2399,192,29,2399,126
438,7.307307307,1820,188,27,1820,122,2396,190,32,2396,126
439,7.323990657,1814,190,30,1814,123,2392,194,28,2392,127
440,7.340674007,1812,190,30,1812,124,2388,196,28,2388,127
441,7.357357357,1809,190,27,1809,125,2383,192,27,2383,127
442,7.374040707,1804,190,29,1804,125,2376,194,29,2376,127
443,7.390724057,1799,192,30,1799,127,2377,194,29,2377,127
444,7.407407407,1797,190,30,1797,127,2371,194,30,2371,127
445,7.424090757,1792,190,30,1792,128,2368,194,29,2368,127
446,7.440774107,1790,192,29,1790,129,2360,194,28,2360,127
447,7.457457457,1785,190,29,1785,129,2359,194,29,2359,127
448,7.474140807,1781,190,29,1781,129,2355,192,28,2355,127
449,7.490824157,1778,190,29,1778,130,2352,192,32,2352,127
450,7.507507508,1773,192,29,1773,130,2345,192,29,2345,127
451,7.524190858,1769,190,28,1769,130,2343,194,30,2343,127
452,7.540874208,1766,192,28,1766,130,2340,194,29,2340,127
453,7.557557558,1763,194,28,1763,130,2335,192,31,2335,127
454,7.574240908,1756,192,30,1756,130,2330,194,29,2330,127
455,7.590924258,1752,190,28,1752,129,2326,194,30,2326,127
456,7.607607608,1749,190,29,1749,129,2321,194,30,2321,127
457,7.624290958,1746,190,29,1746,128,2318,194,30,2318,127
458,7.640974308,1742,190,29,1742,128,2314,194,30,2314,128
459,7.657657658,1735,190,28,1735,127,2309,194,29,2309,127
460,7.674341008,1734,190,29,1734,126,2304,192,29,2304,127
461,7.691024358,1728,188,27,1728,126,2298,192,30,2298,127
462,7.707707708,1725,190,29,1725,125,2293,194,29,2293,128
463,7.724391058,1722,190,28,1722,125,2288,192,30,2288,127
464,7.741074408,1716,190,28,1716,124,2284,192,29,2284,127
465,7.757757758,1713,190,30,1713,124,2279,192,30,2279,127
466,7.774441108,1709,190,29,1709,123,2277,194,30,2277,127
467,7.791124458,1704,190,29,1704,123,2274,192,28,2274,127
468,7.807807808,1700,190,29,1700,122,2270,194,30,2270,128
469,7.824491158,1697,190,29,1697,122,2265,194,30,2265,128
470,7.841174508,1693,190,29,1693,122,2261,194,30,2261,127
471,7.857857858,1687,190,27,1687,122,2255,194,32,2255,127
472,7.874541208,1684,190,29,1684,122,2250,190,30,2250,127
473,7.891224558,1680,192,28,1680,122,2248,194,30,2248,127
474,7.907907908,1676,190,28,1676,122,2244,192,28,2244,127
475,7.924591258,1673,190,29,1673,122,2239,194,30,2239,127
476,7.941274608,1668,190,27,1668,122,2232,192,28,2232,127
477,7.957957958,1666,192,28,1666,123,2230,192,28,2230,127
478,7.974641308,1660,190,29,1660,123,2228,194,29,2228,128
479,7.991324658,1656,188,25,1656,124,2220,194,29,2220,127
480,8.008008008,1653,190,29,1653,124,2217,194,30,2217,127
481,8.024691358,1648,190,26,1648,124,2212,192,28,2212,127
482,8.041374708,1644,190,29,1644,125,2208,192,29,2208,127
483,8.058058058,1638,190,27,1638,125,2204,192,28,2204,127
484,8.074741408,1636,192,28,1636,126,2200,192,28,2200,127
485,8.091424758,1632,190,26,1632,126,2198,192,31,2198,127
486,8.108108108,1628,190,29,1628,126,2192,194,29,2192,127
487,8.124791458,1624,190,28,1624,127,2184,194,29,2184,127
488,8.141474808,1618,190,28,1618,127,2184,194,30,2184,127
489,8.158158158,1616,190,26,1616,127,2180,194,29,2180,127
490,8.174841508,1612,190,29,1612,128,2174,192,27,2174,127
491,8.191524858,1608,190,29,1608,128,2170,190,28,2170,127
492,8.208208208,1603,190,29,1603,128,2167,194,30,2167,127
493,8.224891558,1599,190,30,1599,128,2161,190,29,2161,127
494,8.241574908,1596,190,25,1596,128,2158,192,31,2158,127
495,8.258258258,1592,190,29,1592,128,2152,190,29,2152,127
496,8.274941608,1588,190,26,1588,127,2150,192,29,2150,127
497,8.291624958,1584,190,29,1584,127,2142,194,29,2142,127
498,8.308308308,1579,190,29,1579,127,2139,192,28,2139,127
499,8.324991658,1575,188,27,1575,127,2137,194,29,2137,127
500,8.341675008,1571,188,26,1571,126,2129,192,29,2129,127
501,8.358358358,1566,190,26,1566,126,2126,192,30,2126,127
502,8.375041708,1562,190,29,1562,126,2120,190,29,2120,127
503,8.391725058,1559,190,29,1559,125,2119,192,31,2119,127
504,8.408408408,1553,190,29,1553,125,2113,190,28,2113,127
505,8.425091758,1550,190,29,1550,125,2108,192,27,2108,127
506,8.441775108,1546,190,29,1546,124,2104,190,28,2104,127
507,8.458458458,1541,190,29,1541,124,2099,192,27,2099,127
508,8.475141808,1537,188,25,1537,124,2097,192,28,2097,127
509,8.491825158,1533,190,29,1533,124,2093,192,30,2093,127
510,8.508508509,1528,192,28,1528,123,2088,192,29,2088,127
511,8.525191859,1522,188,27,1522,123,2082,194,30,2082,127
512,8.541875209,1521,190,30,1521,123,2079,192,29,2079,127
513,8.558558559,1515,190,29,1515,123,2071,192,28,2071,127
514,8.575241909,1511,188,25,1511,123,2069,194,30,2069,127
515,8.591925259,1508,188,25,1508,123,2064,194,30,2064,127
516,8.608608609,1504,190,28,1504,123,2060,194,30,2060,127
517,8.625291959,1499,190,28,1499,123,2055,192,30,2055,127
518,8.641975309,1496,188,25,1496,123,2052,194,29,2052,127
519,8.658658659,1492,190,27,1492,124,2044,192,29,2044,127
520,8.675342009,1486,188,25,1486,124,2040,194,29,2040,127
521,8.692025359,1483,190,29,1483,124,2039,192,30,2039,127
522,8.708708709,1479,190,29,1479,124,2035,192,29,2035,127
523,8.725392059,1475,190,30,1475,124,2029,192,30,2029,127
524,8.742075409,1471,190,28,1471,124,2025,192,29,2025,127
525,8.758758759,1466,190,29,1466,124,2020,190,28,2020,127
526,8.775442109,1463,190,28,1463,125,2017,192,30,2017,127
527,8.792125459,1458,190,29,1458,125,2010,192,30,2010,127
528,8.808808809,1453,190,29,1453,125,2005,190,29,2005,127
529,8.825492159,1448,190,29,1448,125,2002,192,30,2002,127
530,8.842175509,1445,190,29,1445,125,1997,192,30,1997,127
531,8.858858859,1440,188,25,1440,125,1994,190,29,1994,127
532,8.875542209,1435,190,29,1435,125,1989,192,28,1989,127
533,8.892225559,1432,190,28,1432,125,1982,192,30,1982,127
534,8.908908909,1428,190,28,1428,125,1978,192,30,1978,127
535,8.925592259,1422,190,29,1422,125,1972,190,26,1972,127
536,8.942275609,1419,190,29,1419,125,1971,190,29,1971,127
537,8.958958959,1414,190,28,1414,125,1966,194,30,1966,127
538,8.975642309,1410,186,27,1410,125,1958,190,29,1958,127
539,8.992325659,1407,190,29,1407,125,1957,190,29,1957,127
540,9.009009009,1403,188,25,1403,125,1949,188,29,1949,126
541,9.025692359,1398,190,29,1398,125,1948,190,29,1948,126
542,9.042375709,1394,188,28,1394,125,1944,190,29,1944,125
543,9.059059059,1390,190,28,1390,125,1938,190,28,1938,125
544,9.075742409,1385,190,28,1385,125,1935,186,28,1935,124
545,9.092425759,1381,190,28,1381,125,1929,188,28,1929,124
546,9.109109109,1376,186,27,1376,125,1924,186,29,1924,123
547,9.125792459,1373,188,28,1373,125,1921,186,30,1921,123
548,9.142475809,1370,188,28,1370,125,1916,184,28,1916,122
549,9.159159159,1364,188,28,1364,125,1910,186,30,1910,121
550,9.175842509,1360,190,28,1360,125,1908,186,29,1908,121
551,9.192525859,1354,190,27,1354,125,1902,188,29,1902,121
552,9.209209209,1352,186,27,1352,125,1898,186,30,1898,121
553,9.225892559,1348,186,26,1348,125,1892,186,29,1892,121
554,9.242575909,1344,188,28,1344,125,1886,184,28,1886,121
555,9.259259259,1340,190,28,1340,125,1884,184,29,1884,121
556,9.275942609,1334,190,28,1334,125,1878,186,30,1878,121
557,9.292625959,1329,190,28,1329,125,1875,188,29,1875,121
558,9.309309309,1326,190,28,1326,125,1870,188,30,1870,122
559,9.325992659,1321,190,28,1321,125,1863,188,28,1863,123
560,9.342676009,1316,190,28,1316,125,1860,188,27,1860,123
561,9.359359359,1311,188,29,1311,125,1855,190,29,1855,124
562,9.376042709,1308,186,27,1308,125,1852,188,28,1852,125
563,9.392726059,1302,190,28,1302,125,1846,190,29,1846,125
564,9.409409409,1299,190,28,1299,125,1841,190,30,1841,126
565,9.426092759,1293,190,28,1293,125,1833,190,29,1833,126
566,9.442776109,1288,190,28,1288,125,1830,192,28,1830,127
567,9.459459459,1284,190,28,1284,125,1826,192,30,1826,128
568,9.476142809,1279,190,28,1279,125,1821,194,29,1821,129
569,9.492826159,1274,190,28,1274,125,1814,194,29,1814,130
570,9.50950951,1269,188,28,1269,124,1809,194,30,1809,130
571,9.52619286,1265,188,27,1265,124,1805,194,30,1805,131
572,9.54287621,1260,188,28,1260,124,1800,192,28,1800,131
573,9.55955956,1255,190,27,1255,124,1793,192,29,1793,131
574,9.57624291,1250,190,29,1250,124,1788,194,27,1788,131
575,9.59292626,1245,190,27,1245,123,1783,194,27,1783,131
576,9.60960961,1240,188,28,1240,123,1778,192,29,1778,131
577,9.62629296,1237,188,25,1237,123,1775,194,29,1775,131
578,9.64297631,1233,188,29,1233,123,1769,192,30,1769,130
579,9.65965966,1228,188,28,1228,123,1764,194,29,1764,130
580,9.67634301,1222,188,28,1222,123,1760,194,30,1760,130
581,9.69302636,1217,188,28,1217,123,1753,192,29,1753,129
582,9.70970971,1210,188,27,1210,123,1750,194,29,1750,129
583,9.72639306,1208,188,25,1208,123,1746,192,28,1746,129
584,9.74307641,1204,188,28,1204,123,1740,192,27,1740,128
585,9.75975976,1199,188,27,1199,123,1733,192,29,1733,128
586,9.77644311,1193,190,28,1193,124,1729,192,27,1729,128
587,9.79312646,1190,190,28,1190,124,1724,194,27,1724,128
588,9.80980981,1185,188,27,1185,124,1717,192,29,1717,128
589,9.82649316,1178,190,27,1178,124,1714,194,29,1714,128
590,9.84317651,1175,190,29,1175,124,1707,194,28,1707,129
591,9.85985986,1169,190,28,1169,124,1703,192,30,1703,129
592,9.87654321,1163,190,28,1163,124,1699,194,30,1699,129
593,9.89322656,1157,190,27,1157,125,1691,194,28,1691,129
594,9.90990991,1153,190,27,1153,125,1687,194,27,1687,130
595,9.92659326,1150,190,29,1150,125,1682,192,29,1682,130
596,9.94327661,1144,190,29,1144,125,1678,194,30,1678,130
597,9.95995996,1139,190,29,1139,125,1673,194,28,1673,130
598,9.97664331,1136,190,29,1136,126,1668,194,30,1668,131
599,9.99332666,1130,190,28,1130,126,1662,194,29,1662,131
600,10.01001001,1124,190,28,1124,126,1656,194,28,1656,131
601,10.02669336,1120,190,29,1120,126,1652,194,29,1652,131
602,10.04337671,1113,190,29,1113,126,1647,194,29,1647,131
603,10.06006006,1109,190,28,1109,126,1641,194,29,1641,131
604,10.07674341,1104,190,28,1104,126,1634,194,28,1634,131
605,10.09342676,1099,188,27,1099,126,1631,194,29,1631,130
606,10.11011011,1093,190,27,1093,126,1625,194,27,1625,130
607,10.12679346,1089,190,26,1089,126,1619,194,27,1619,130
608,10.14347681,1085,188,27,1085,126,1613,192,29,1613,130
609,10.16016016,1080,192,28,1080,126,1610,192,30,1610,130
610,10.17684351,1075,188,27,1075,126,1603,194,28,1603,130
611,10.19352686,1069,190,28,1069,126,1597,194,28,1597,130
612,10.21021021,1064,190,28,1064,126,1594,192,29,1594,130
613,10.22689356,1058,190,28,1058,126,1588,194,29,1588,130
614,10.24357691,1054,192,28,1054,126,1582,194,26,1582,130
615,10.26026026,1049,190,29,1049,126,1577,194,29,1577,130
616,10.27694361,1044,190,26,1044,126,1572,194,27,1572,130
617,10.29362696,1039,192,28,1039,126,1565,194,28,1565,130
618,10.31031031,1034,192,28,1034,126,1560,194,30,1560,130
619,10.32699366,1029,190,28,1029,126,1553,194,29,1553,130
620,10.34367701,1022,190,27,1022,126,1550,194,29,1550,130
621,10.36036036,1018,190,28,1018,126,1544,192,27,1544,130
622,10.37704371,1013,192,28,1013,126,1539,192,27,1539,130
623,10.39372706,1006,192,28,1006,126,1534,194,29,1534,130
624,10.41041041,1003,192,29,1003,126,1529,192,28,1529,130
625,10.42709376,996,192,27,996,126,1524,194,30,1524,130
626,10.44377711,992,190,28,992,126,1518,192,30,1518,130
627,10.46046046,985,192,29,985,126,1513,192,27,1513,130
628,10.47714381,981,190,29,981,126,1507,194,27,1507,130
629,10.49382716,975,192,28,975,126,1501,192,28,1501,130
630,10.51051051,969,192,28,969,126,1495,192,30,1495,130
631,10.52719386,965,192,28,965,126,1489,194,27,1489,130
632,10.54387721,958,192,29,958,126,1484,194,30,1484,130
633,10.56056056,954,192,28,954,126,1480,194,30,1480,130
634,10.57724391,949,192,28,949,126,1475,194,28,1475,130
635,10.59392726,942,192,28,942,126,1468,194,27,1468,130
636,10.61061061,939,192,27,939,126,1461,192,28,1461,130
637,10.62729396,933,192,29,933,126,1457,192,29,1457,130
638,10.64397731,928,190,28,928,126,1450,194,26,1450,130
639,10.66066066,921,192,29,921,126,1447,194,28,1447,130
640,10.67734401,915,190,28,915,127,1439,192,28,1439,130
641,10.69402736,909,194,28,909,127,1433,192,28,1433,130
642,10.71071071,906,192,28,906,127,1428,192,29,1428,130
643,10.72739406,899,192,28,899,127,1423,194,29,1423,130
644,10.74407741,893,192,29,893,127,1417,192,29,1417,130
645,10.76076076,886,192,29,886,127,1410,194,29,1410,130
646,10.77744411,880,194,27,880,127,1404,194,29,1404,130
647,10.79412746,876,192,28,876,127,1398,194,28,1398,130
648,10.81081081,869,192,29,869,127,1393,192,30,1393,130
649,10.82749416,863,192,29,863,127,1387,194,29,1387,130
650,10.84417751,857,192,27,857,127,1381,194,29,1381,130
651,10.86086086,853,192,28,853,127,1375,194,29,1375,130
652,10.87754421,847,192,29,847,127,1369,194,29,1369,131
653,10.89422756,840,192,27,840,127,1364,192,28,1364,131
654,10.91091091,833,194,28,833,127,1357,196,28,1357,131
655,10.92759426,826,194,27,826,127,1352,194,29,1352,131
656,10.94427761,823,194,29,823,127,1345,192,28,1345,131
657,10.96096096,816,194,29,816,127,1340,192,28,1340,131
658,10.97764431,810,194,29,810,127,1334,194,29,1334,131
659,10.99432766,804,192,30,804,127,1328,194,28,1328,130
660,11.01101101,798,192,29,798,127,1322,194,29,1322,130
661,11.02769436,792,194,30,792,127,1316,194,29,1316,130
662,11.04437771,784,192,27,784,127,1310,194,29,1310,130
663,11.06106106,781,192,28,781,128,1305,192,28,1305,130
664,11.07774441,771,196,28,771,127,1297,192,27,1297,130
665,11.09442776,767,194,29,767,127,1291,194,27,1291,130
666,11.11111111,759,194,29,759,127,1285,194,27,1285,130
667,11.12779446,754,196,27,754,128,1280,194,28,1280,130
668,11.14447781,747,196,28,747,128,1273,194,29,1273,130
669,11.16116116,739,196,29,739,128,1265,194,30,1265,130
670,11.17784451,734,194,29,734,128,1262,194,28,1262,130
671,11.19452786,730,194,29,730,128,1254,194,29,1254,130
672,11.21121121,723,194,28,723,128,1249,192,28,1249,130
673,11.22789456,715,196,30,715,128,1241,194,29,1241,130
674,11.24457791,708,194,29,708,128,1234,194,27,1234,130
675,11.26126126,702,194,26,702,129,1228,196,29,1228,130
676,11.27794461,697,194,27,697,129,1223,194,27,1223,131
677,11.29462796,689,196,29,689,129,1215,194,30,1215,130
678,11.31131131,681,196,30,681,129,1209,194,27,1209,131
679,11.32799466,675,194,28,675,129,1203,194,27,1203,131
680,11.34467801,666,196,30,666,129,1196,194,27,1196,131
681,11.36136136,662,196,30,662,130,1188,192,28,1188,131
682,11.37804471,653,196,30,653,130,1183,194,27,1183,131
683,11.39472806,646,196,29,646,130,1176,194,27,1176,131
684,11.41141141,638,198,30,638,130,1168,196,28,1168,131
685,11.42809476,633,196,30,633,130,1161,192,28,1161,131
686,11.44477811,624,196,30,624,130,1156,192,28,1156,131
687,11.46146146,619,200,28,619,131,1149,194,27,1149,132
688,11.47814481,612,198,29,612,131,1142,194,29,1142,132
689,11.49482816,601,200,29,601,131,1135,194,27,1135,132
690,11.51151151,593,200,29,593,131,1127,194,27,1127,132
691,11.52819486,588,198,29,588,131,1122,194,29,1122,132
692,11.54487821,581,200,30,581,131,1115,194,29,1115,132
693,11.56156156,575,198,30,575,132,1107,194,28,1107,132
694,11.57824491,568,200,30,568,132,1100,196,30,1100,132
695,11.59492826,558,200,30,558,132,1092,196,28,1092,132
696,11.61161161,550,202,29,550,132,1086,196,28,1086,133
697,11.62829496,546,200,29,546,133,1080,196,29,1080,133
698,11.64497831,536,200,30,536,133,1074,194,28,1074,133
699,11.66166166,527,202,30,527,133,1065,194,28,1065,133
700,11.67834501,521,198,28,521,133,1059,196,30,1059,133
701,11.69502836,511,200,28,511,133,1051,196,27,1051,133
702,11.71171171,504,202,30,504,134,1044,196,28,1044,133
703,11.72839506,494,200,29,494,134,1036,196,30,1036,133
704,11.74507841,486,202,30,486,134,1032,196,28,1032,133
705,11.76176176,484,202,29,484,135,1022,198,28,1022,133
706,11.77844511,476,202,29,476,135,1016,196,30,1016,133
707,11.79512846,464,204,30,464,135,1008,198,28,1008,134
708,11.81181181,455,202,30,455,135,1001,198,28,1001,134
709,11.82849516,449,202,30,449,135,993,198,30,993,134
710,11.84517851,441,204,29,441,135,987,198,30,987,134
711,11.86186186,435,202,28,435,136,977,196,28,977,134
712,11.87854521,420,206,30,420,136,970,198,30,970,134
713,11.89522856,416,202,28,416,136,966,196,28,966,134
714,11.91191191,406,206,29,406,136,956,198,29,956,134
715,11.92859526,399,202,29,399,137,949,198,30,949,134
716,11.94527861,392,204,29,392,137,940,200,29,940,134
717,11.96196196,382,204,30,382,137,934,198,28,934,134
718,11.97864531,374,204,29,374,138,928,198,28,928,134
719,11.99532866,365,204,30,365,138,917,200,30,917,135
720,12.01201201,354,206,31,354,138,910,200,30,910,135
721,12.02869536,343,210,29,343,138,903,200,29,903,135
722,12.04537871,339,208,29,339,138,895,198,27,895,135
723,12.06206206,329,208,30,329,139,887,198,29,887,135
724,12.07874541,314,210,31,314,138,878,200,30,878,135
725,12.09542876,307,210,29,307,139,871,200,30,871,136
726,12.11211211,295,208,29,295,139,863,200,30,863,136
727,12.12879546,286,210,30,286,139,856,202,29,856,136
728,12.14547881,279,210,30,279,140,847,200,30,847,136
729,12.16216216,274,208,30,274,140,840,200,29,840,136
730,12.17884551,263,212,34,263,140,831,200,30,831,136
731,12.19552886,252,208,29,252,140,822,202,29,822,136
732,12.21221221,245,210,31,245,141,813,200,27,813,136
733,12.22889556,230,212,31,230,141,806,200,30,806,136
734,12.24557891,798,200,30,798,136,0,0,0,0,0
735,12.26226226,211,216,30,211,142,789,202,30,789,136
736,12.27894561,199,214,32,199,142,781,200,30,781,136
737,12.29562896,191,216,31,191,142,771,202,30,771,136
738,12.31231231,184,214,31,184,143,764,200,30,764,137
739,12.32899566,172,216,32,172,143,756,202,30,756,137
740,12.34567901,163,214,33,163,143,745,204,30,745,137
741,12.36236236,152,212,29,152,144,738,202,29,738,137
742,12.37904571,142,216,33,142,144,730,202,29,730,138
743,12.39572906,132,218,31,132,145,722,204,29,722,138
744,12.41241241,124,216,32,124,145,710,204,30,710,138
745,12.42909576,112,214,29,112,146,704,202,28,704,138
746,12.44577911,696,204,28,696,138,0,0,0,0,0
747,12.46246246,90,220,34,90,146,686,202,29,686,138
748,12.47914581,86,218,25,86,147,678,206,29,678,138
749,12.49582916,667,206,30,667,138,0,0,0,0,0
750,12.51251251,660,204,29,660,139,0,0,0,0,0
751,12.52919586,652,204,30,652,139,0,0,0,0,0
752,12.54587921,644,204,30,644,139,0,0,0,0,0
753,12.56256256,633,204,30,633,139,0,0,0,0,0
754,12.57924591,622,206,31,622,139,0,0,0,0,0
755,12.59592926,616,204,30,616,139,0,0,0,0,0
756,12.61261261,607,206,31,607,139,0,0,0,0,0
757,12.62929596,595,206,29,595,140,0,0,0,0,0
758,12.64597931,585,208,31,585,140,0,0,0,0,0
759,12.66266266,578,208,30,578,140,0,0,0,0,0
760,12.67934601,568,206,30,568,140,0,0,0,0,0
761,12.69602936,557,208,32,557,141,0,0,0,0,0
762,12.71271271,549,206,29,549,141,0,0,0,0,0
763,12.72939606,539,206,30,539,141,0,0,0,0,0
764,12.74607941,531,208,31,531,142,0,0,0,0,0
765,12.76276276,521,208,31,521,142,0,0,0,0,0
766,12.77944611,512,208,31,512,142,0,0,0,0,0
767,12.79612946,502,208,31,502,142,0,0,0,0,0
768,12.81281281,495,208,31,495,142,0,0,0,0,0
769,12.82949616,479,210,29,479,143,0,0,0,0,0
770,12.84617951,471,208,30,471,143,0,0,0,0,0
771,12.86286286,463,210,32,463,143,0,0,0,0,0
772,12.87954621,453,210,32,453,143,0,0,0,0,0
773,12.89622956,440,210,33,440,143,0,0,0,0,0
774,12.91291291,431,212,29,431,144,0,0,0,0,0
775,12.92959626,427,210,30,427,144,0,0,0,0,0
776,12.94627961,413,212,32,413,144,0,0,0,0,0
777,12.96296296,405,214,33,405,145,0,0,0,0,0
778,12.97964631,387,214,30,387,145,0,0,0,0,0
779,12.99632966,377,216,29,377,146,0,0,0,0,0
780,13.01301301,369,214,28,369,146,0,0,0,0,0
781,13.02969636,361,214,32,361,146,0,0,0,0,0
782,13.04637971,349,214,31,349,147,0,0,0,0,0
783,13.06306306,346,214,29,346,147,0,0,0,0,0
784,13.07974641,330,214,30,330,147,0,0,0,0,0
785,13.09642976,322,214,29,322,148,0,0,0,0,0
786,13.11311311,312,216,29,312,148,0,0,0,0,0
787,13.12979646,303,214,28,303,149,0,0,0,0,0
788,13.14647981,285,214,32,285,149,0,0,0,0,0
789,13.16316316,274,216,32,274,149,0,0,0,0,0
790,13.17984651,264,216,32,264,149,0,0,0,0,0
791,13.19652986,0,0,0,0,0,0,0,0,0,0
792,13.21321321,242,218,32,242,150,0,0,0,0,0
793,13.22989656,0,0,0,0,0,0,0,0,0,0
794,13.24657991,222,216,34,222,151,0,0,0,0,0
795,13.26326326,212,224,36,212,151,0,0,0,0,0
796,13.27994661,0,0,0,0,0,0,0,0,0,0
797,13.29662996,0,0,0,0,0,0,0,0,0,0
798,13.31331331,0,0,0,0,0,0,0,0,0,0
799,13.32999666,0,0,0,0,0,0,0,0,0,0
800,13.34668001,0,0,0,0,0,0,0,0,0,0
801,13.36336336,0,0,0,0,0,0,0,0,0,0
802,13.38004671,0,0,0,0,0,0,0,0,0,0
803,13.39673006,0,0,0,0,0,0,0,0,0,0
804,13.41341341,0,0,0,0,0,0,0,0,0,0
805,13.43009676,0,0,0,0,0,0,0,0,0,0
806,13.44678011,0,0,0,0,0,0,0,0,0,0
807,13.46346346,0,0,0,0,0,0,0,0,0,0
808,13.48014681,0,0,0,0,0,0,0,0,0,0
809,13.49683016,0,0,0,0,0,0,0,0,0,0
810,13.51351351,0,0,0,0,0,0,0,0,0,0
811,13.53019686,0,0,0,0,0,0,0,0,0,0
812,13.54688021,0,0,0,0,0,0,0,0,0,0
813,13.56356356,0,0,0,0,0,0,0,0,0,0
814,13.58024691,0,0,0,0,0,0,0,0,0,0
815,13.59693026,0,0,0,0,0,0,0,0,0,0
816,13.61361361,0,0,0,0,0,0,0,0,0,0
817,13.63029696,0,0,0,0,0,0,0,0,0,0
818,13.64698031,0,0,0,0,0,0,0,0,0,0
819,13.66366366,0,0,0,0,0,0,0,0,0,0
820,13.68034701,0,0,0,0,0,0,0,0,0,0
821,13.69703036,0,0,0,0,0,0,0,0,0,0
822,13.71371371,0,0,0,0,0,0,0,0,0,0
823,13.73039706,0,0,0,0,0,0,0,0,0,0
824,13.74708041,0,0,0,0,0,0,0,0,0,0
825,13.76376376,0,0,0,0,0,0,0,0,0,0
826,13.78044711,0,0,0,0,0,0,0,0,0,0
827,13.79713046,0,0,0,0,0,0,0,0,0,0
828,13.81381381,0,0,0,0,0,0,0,0,0,0
829,13.83049716,0,0,0,0,0,0,0,0,0,0
830,13.84718051,0,0,0,0,0,0,0,0,0,0
831,13.86386386,0,0,0,0,0,0,0,0,0,0
832,13.88054721,0,0,0,0,0,0,0,0,0,0
833,13.89723056,0,0,0,0,0,0,0,0,0,0
834,13.91391391,0,0,0,0,0,0,0,0,0,0
835,13.93059726,0,0,0,0,0,0,0,0,0,0
836,13.94728061,0,0,0,0,0,0,0,0,0,0
837,13.96396396,0,0,0,0,0,0,0,0,0,0
838,13.98064731,0,0,0,0,0,0,0,0,0,0
839,13.99733066,0,0,0,0,0,0,0,0,0,0
840,14.01401401,0,0,0,0,0,0,0,0,0,0
841,14.03069736,0,0,0,0,0,0,0,0,0,0
842,14.04738071,0,0,0,0,0,0,0,0,0,0
843,14.06406406,0,0,0,0,0,0,0,0,0,0
844,14.08074741,0,0,0,0,0,0,0,0,0,0
845,14.09743076,0,0,0,0,0,0,0,0,0,0
846,14.11411411,0,0,0,0,0,0,0,0,0,0
847,14.13079746,0,0,0,0,0,0,0,0,0,0
848,14.14748081,0,0,0,0,0,0,0,0,0,0
849,14.16416416,0,0,0,0,0,0,0,0,0,0
850,14.18084751,0,0,0,0,0,0,0,0,0,0
851,14.19753086,0,0,0,0,0,0,0,0,0,0
852,14.21421421,0,0,0,0,0,0,0,0,0,0
853,14.23089756,0,0,0,0,0,0,0,0,0,0
854,14.24758091,0,0,0,0,0,0,0,0,0,0
855,14.26426426,0,0,0,0,0,0,0,0,0,0
856,14.28094761,0,0,0,0,0,0,0,0,0,0
857,14.29763096,0,0,0,0,0,0,0,0,0,0
858,14.31431431,0,0,0,0,0,0,0,0,0,0
859,14.33099766,0,0,0,0,0,0,0,0,0,0
860,14.34768101,0,0,0,0,0,0,0,0,0,0
861,14.36436436,0,0,0,0,0,0,0,0,0,0
862,14.38104771,0,0,0,0,0,0,0,0,0,0
863,14.39773106,0,0,0,0,0,0,0,0,0,0
864,14.41441441,0,0,0,0,0,0,0,0,0,0
865,14.43109776,0,0,0,0,0,0,0,0,0,0
866,14.44778111,0,0,0,0,0,0,0,0,0,0
867,14.46446446,0,0,0,0,0,0,0,0,0,0
868,14.48114781,0,0,0,0,0,0,0,0,0,0
869,14.49783116,0,0,0,0,0,0,0,0,0,0
870,14.51451451,0,0,0,0,0,0,0,0,0,0
871,14.53119786,0,0,0,0,0,0,0,0,0,0
872,14.54788121,0,0,0,0,0,0,0,0,0,0
873,14.56456456,0,0,0,0,0,0,0,0,0,0
874,14.58124791,0,0,0,0,0,0,0,0,0,0
875,14.59793126,0,0,0,0,0,0,0,0,0,0
876,14.61461461,0,0,0,0,0,0,0,0,0,0
877,14.63129796,0,0,0,0,0,0,0,0,0,0
878,14.64798131,0,0,0,0,0,0,0,0,0,0
879,14.66466466,0,0,0,0,0,0,0,0,0,0
880,14.68134801,0,0,0,0,0,0,0,0,0,0
881,14.69803136,0,0,0,0,0,0,0,0,0,0
882,14.71471471,0,0,0,0,0,0,0,0,0,0
883,14.73139806,0,0,0,0,0,0,0,0,0,0
884,14.74808141,0,0,0,0,0,0,0,0,0,0
885,14.76476476,0,0,0,0,0,0,0,0,0,0
886,14.78144811,0,0,0,0,0,0,0,0,0,0
887,14.79813146,0,0,0,0,0,0,0,0,0,0
888,14.81481481,0,0,0,0,0,0,0,0,0,0
889,14.83149816,0,0,0,0,0,0,0,0,0,0
890,14.84818151,0,0,0,0,0,0,0,0,0,0
891,14.86486486,0,0,0,0,0,0,0,0,0,0
892,14.88154821,0,0,0,0,0,0,0,0,0,0
893,14.89823156,0,0,0,0,0,0,0,0,0,0
894,14.91491491,0,0,0,0,0,0,0,0,0,0
895,14.93159826,0,0,0,0,0,0,0,0,0,0
896,14.94828161,0,0,0,0,0,0,0,0,0,0
897,14.96496496,0,0,0,0,0,0,0,0,0,0
898,14.98164831,0,0,0,0,0,0,0,0,0,0
899,14.99833166,0,0,0,0,0,0,0,0,0,0
900,15.01501502,0,0,0,0,0,0,0,0,0,0
901,15.03169837,0,0,0,0,0,0,0,0,0,0
902,15.04838172,0,0,0,0,0,0,0,0,0,0
903,15.06506507,0,0,0,0,0,0,0,0,0,0
904,15.08174842,0,0,0,0,0,0,0,0,0,0
905,15.09843177,0,0,0,0,0,0,0,0,0,0
906,15.11511512,0,0,0,0,0,0,0,0,0,0
907,15.13179847,0,0,0,0,0,0,0,0,0,0
908,15.14848182,0,0,0,0,0,0,0,0,0,0
909,15.16516517,0,0,0,0,0,0,0,0,0,0
910,15.18184852,0,0,0,0,0,0,0,0,0,0
911,15.19853187,0,0,0,0,0,0,0,0,0,0
912,15.21521522,0,0,0,0,0,0,0,0,0,0
913,15.23189857,0,0,0,0,0,0,0,0,0,0
914,15.24858192,0,0,0,0,0,0,0,0,0,0
915,15.26526527,0,0,0,0,0,0,0,0,0,0
916,15.28194862,0,0,0,0,0,0,0,0,0,0
917,15.29863197,0,0,0,0,0,0,0,0,0,0
918,15.31531532,0,0,0,0,0,0,0,0,0,0
919,15.33199867,0,0,0,0,0,0,0,0,0,0
920,15.34868202,0,0,0,0,0,0,0,0,0,0
921,15.36536537,0,0,0,0,0,0,0,0,0,0
922,15.38204872,0,0,0,0,0,0,0,0,0,0
923,15.39873207,0,0,0,0,0,0,0,0,0,0
924,15.41541542,0,0,0,0,0,0,0,0,0,0
925,15.43209877,0,0,0,0,0,0,0,0,0,0
926,15.44878212,0,0,0,0,0,0,0,0,0,0
927,15.46546547,0,0,0,0,0,0,0,0,0,0
928,15.48214882,0,0,0,0,0,0,0,0,0,0
929,15.49883217,0,0,0,0,0,0,0,0,0,0
930,15.51551552,0,0,0,0,0,0,0,0,0,0
931,15.53219887,0,0,0,0,0,0,0,0,0,0
932,15.54888222,0,0,0,0,0,0,0,0,0,0
933,15.56556557,0,0,0,0,0,0,0,0,0,0
934,15.58224892,0,0,0,0,0,0,0,0,0,0
935,15.59893227,0,0,0,0,0,0,0,0,0,0
936,15.61561562,0,0,0,0,0,0,0,0,0,0
937,15.63229897,0,0,0,0,0,0,0,0,0,0
938,15.64898232,0,0,0,0,0,0,0,0,0,0
939,15.66566567,0,0,0,0,0,0,0,0,0,0
940,15.68234902,0,0,0,0,0,0,0,0,0,0
941,15.69903237,0,0,0,0,0,0,0,0,0,0
942,15.71571572,0,0,0,0,0,0,0,0,0,0
943,15.73239907,0,0,0,0,0,0,0,0,0,0
944,15.74908242,0,0,0,0,0,0,0,0,0,0
945,15.76576577,0,0,0,0,0,0,0,0,0,0
946,15.78244912,0,0,0,0,0,0,0,0,0,0
947,15.79913247,0,0,0,0,0,0,0,0,0,0
948,15.81581582,0,0,0,0,0,0,0,0,0,0
949,15.83249917,0,0,0,0,0,0,0,0,0,0
950,15.84918252,0,0,0,0,0,0,0,0,0,0
951,15.86586587,0,0,0,0,0,0,0,0,0,0
952,15.88254922,0,0,0,0,0,0,0,0,0,0
953,15.89923257,0,0,0,0,0,0,0,0,0,0
954,15.91591592,0,0,0,0,0,0,0,0,0,0
955,15.93259927,0,0,0,0,0,0,0,0,0,0
956,15.94928262,0,0,0,0,0,0,0,0,0,0
957,15.96596597,0,0,0,0,0,0,0,0,0,0
958,15.98264932,0,0,0,0,0,0,0,0,0,0
959,15.99933267,0,0,0,0,0,0,0,0,0,0
960,16.01601602,0,0,0,0,0,0,0,0,0,0
961,16.03269937,0,0,0,0,0,0,0,0,0,0
962,16.04938272,0,0,0,0,0,0,0,0,0,0
963,16.06606607,0,0,0,0,0,0,0,0,0,0
964,16.08274942,0,0,0,0,0,0,0,0,0,0
965,16.09943277,0,0,0,0,0,0,0,0,0,0
966,16.11611612,0,0,0,0,0,0,0,0,0,0
967,16.13279947,0,0,0,0,0,0,0,0,0,0
968,16.14948282,0,0,0,0,0,0,0,0,0,0
969,16.16616617,0,0,0,0,0,0,0,0,0,0
970,16.18284952,0,0,0,0,0,0,0,0,0,0
971,16.19953287,0,0,0,0,0,0,0,0,0,0
972,16.21621622,0,0,0,0,0,0,0,0,0,0
973,16.23289957,0,0,0,0,0,0,0,0,0,0
974,16.24958292,0,0,0,0,0,0,0,0,0,0
975,16.26626627,0,0,0,0,0,0,0,0,0,0
976,16.28294962,0,0,0,0,0,0,0,0,0,0
977,16.29963297,0,0,0,0,0,0,0,0,0,0
978,16.31631632,0,0,0,0,0,0,0,0,0,0
979,16.33299967,0,0,0,0,0,0,0,0,0,0
980,16.34968302,0,0,0,0,0,0,0,0,0,0
981,16.36636637,0,0,0,0,0,0,0,0,0,0
982,16.38304972,0,0,0,0,0,0,0,0,0,0
983,16.39973307,0,0,0,0,0,0,0,0,0,0
984,16.41641642,0,0,0,0,0,0,0,0,0,0
985,16.43309977,0,0,0,0,0,0,0,0,0,0
986,16.44978312,0,0,0,0,0,0,0,0,0,0
987,16.46646647,0,0,0,0,0,0,0,0,0,0
988,16.48314982,0,0,0,0,0,0,0,0,0,0
989,16.49983317,0,0,0,0,0,0,0,0,0,0
990,16.51651652,0,0,0,0,0,0,0,0,0,0
991,16.53319987,0,0,0,0,0,0,0,0,0,0
992,16.54988322,0,0,0,0,0,0,0,0,0,0
993,16.56656657,0,0,0,0,0,0,0,0,0,0
994,16.58324992,0,0,0,0,0,0,0,0,0,0
995,16.59993327,0,0,0,0,0,0,0,0,0,0
996,16.61661662,0,0,0,0,0,0,0,0,0,0
997,16.63329997,0,0,0,0,0,0,0,0,0,0
998,16.64998332,0,0,0,0,0,0,0,0,0,0
999,16.66666667,0,0,0,0,0,0,0,0,0,0
1000,16.68335002,0,0,0,0,0,0,0,0,0,0
1001,16.70003337,0,0,0,0,0,0,0,0,0,0
1002,16.71671672,0,0,0,0,0,0,0,0,0,0
1003,16.73340007,0,0,0,0,0,0,0,0,0,0
1004,16.75008342,0,0,0,0,0,0,0,0,0,0
1005,16.76676677,0,0,0,0,0,0,0,0,0,0
1006,16.78345012,0,0,0,0,0,0,0,0,0,0
1007,16.80013347,0,0,0,0,0,0,0,0,0,0
1008,16.81681682,0,0,0,0,0,0,0,0,0,0
1009,16.83350017,0,0,0,0,0,0,0,0,0,0
1010,16.85018352,0,0,0,0,0,0,0,0,0,0
1011,16.86686687,0,0,0,0,0,0,0,0,0,0
1012,16.88355022,0,0,0,0,0,0,0,0,0,0
1013,16.90023357,0,0,0,0,0,0,0,0,0,0
1014,16.91691692,0,0,0,0,0,0,0,0,0,0
1015,16.93360027,0,0,0,0,0,0,0,0,0,0
1016,16.95028362,0,0,0,0,0,0,0,0,0,0
1017,16.96696697,0,0,0,0,0,0,0,0,0,0
1018,16.98365032,0,0,0,0,0,0,0,0,0,0
1019,17.00033367,0,0,0,0,0,0,0,0,0,0
1020,17.01701702,0,0,0,0,0,0,0,0,0,0
1021,17.03370037,0,0,0,0,0,0,0,0,0,0
1022,17.05038372,0,0,0,0,0,0,0,0,0,0
1023,17.06706707,0,0,0,0,0,0,0,0,0,0
1024,17.08375042,0,0,0,0,0,0,0,0,0,0
1025,17.10043377,0,0,0,0,0,0,0,0,0,0
1026,17.11711712,0,0,0,0,0,0,0,0,0,0
1027,17.13380047,0,0,0,0,0,0,0,0,0,0
1028,17.15048382,0,0,0,0,0,0,0,0,0,0
1029,17.16716717,0,0,0,0,0,0,0,0,0,0
1030,17.18385052,0,0,0,0,0,0,0,0,0,0
1031,17.20053387,0,0,0,0,0,0,0,0,0,0
1032,17.21721722,0,0,0,0,0,0,0,0,0,0
1033,17.23390057,0,0,0,0,0,0,0,0,0,0
1034,17.25058392,0,0,0,0,0,0,0,0,0,0
1035,17.26726727,0,0,0,0,0,0,0,0,0,0
1036,17.28395062,0,0,0,0,0,0,0,0,0,0
1037,17.30063397,0,0,0,0,0,0,0,0,0,0
1038,17.31731732,0,0,0,0,0,0,0,0,0,0
1039,17.33400067,0,0,0,0,0,0,0,0,0,0
1040,17.35068402,0,0,0,0,0,0,0,0,0,0
1041,17.36736737,0,0,0,0,0,0,0,0,0,0
1042,17.38405072,0,0,0,0,0,0,0,0,0,0
1043,17.40073407,0,0,0,0,0,0,0,0,0,0
1044,17.41741742,0,0,0,0,0,0,0,0,0,0
1045,17.43410077,0,0,0,0,0,0,0,0,0,0
1046,17.45078412,0,0,0,0,0,0,0,0,0,0
1047,17.46746747,0,0,0,0,0,0,0,0,0,0
1048,17.48415082,0,0,0,0,0,0,0,0,0,0
1049,17.50083417,0,0,0,0,0,0,0,0,0,0
1050,17.51751752,0,0,0,0,0,0,0,0,0,0
1051,17.53420087,0,0,0,0,0,0,0,0,0,0
1052,17.55088422,0,0,0,0,0,0,0,0,0,0
1053,17.56756757,0,0,0,0,0,0,0,0,0,0
1054,17.58425092,0,0,0,0,0,0,0,0,0,0
1055,17.60093427,0,0,0,0,0,0,0,0,0,0
1056,17.61761762,0,0,0,0,0,0,0,0,0,0
1057,17.63430097,0,0,0,0,0,0,0,0,0,0
1058,17.65098432,0,0,0,0,0,0,0,0,0,0
1059,17.66766767,0,0,0,0,0,0,0,0,0,0
1060,17.68435102,0,0,0,0,0,0,0,0,0,0
1061,17.70103437,0,0,0,0,0,0,0,0,0,0
1062,17.71771772,0,0,0,0,0,0,0,0,0,0
1063,17.73440107,0,0,0,0,0,0,0,0,0,0
1064,17.75108442,0,0,0,0,0,0,0,0,0,0
1065,17.76776777,0,0,0,0,0,0,0,0,0,0
1066,17.78445112,0,0,0,0,0,0,0,0,0,0
1067,17.80113447,0,0,0,0,0,0,0,0,0,0
1068,17.81781782,0,0,0,0,0,0,0,0,0,0
1069,17.83450117,0,0,0,0,0,0,0,0,0,0
1070,17.85118452,0,0,0,0,0,0,0,0,0,0
1071,17.86786787,0,0,0,0,0,0,0,0,0,0
1072,17.88455122,0,0,0,0,0,0,0,0,0,0
1073,17.90123457,0,0,0,0,0,0,0,0,0,0
1074,17.91791792,0,0,0,0,0,0,0,0,0,0
1075,17.93460127,0,0,0,0,0,0,0,0,0,0
1076,17.95128462,0,0,0,0,0,0,0,0,0,0
1077,17.96796797,0,0,0,0,0,0,0,0,0,0
1078,17.98465132,0,0,0,0,0,0,0,0,0,0
1079,18.00133467,0,0,0,0,0,0,0,0,0,0
1080,18.01801802,0,0,0,0,0,0,0,0,0,0
1081,18.03470137,0,0,0,0,0,0,0,0,0,0
1082,18.05138472,0,0,0,0,0,0,0,0,0,0
1083,18.06806807,0,0,0,0,0,0,0,0,0,0
1084,18.08475142,0,0,0,0,0,0,0,0,0,0
1085,18.10143477,0,0,0,0,0,0,0,0,0,0
1086,18.11811812,0,0,0,0,0,0,0,0,0,0
1087,18.13480147,0,0,0,0,0,0,0,0,0,0
1088,18.15148482,0,0,0,0,0,0,0,0,0,0
1089,18.16816817,0,0,0,0,0,0,0,0,0,0
1090,18.18485152,0,0,0,0,0,0,0,0,0,0
1091,18.20153487,0,0,0,0,0,0,0,0,0,0
1092,18.21821822,0,0,0,0,0,0,0,0,0,0
1093,18.23490157,0,0,0,0,0,0,0,0,0,0
1094,18.25158492,0,0,0,0,0,0,0,0,0,0
1095,18.26826827,0,0,0,0,0,0,0,0,0,0
1096,18.28495162,0,0,0,0,0,0,0,0,0,0
1097,18.30163497,0,0,0,0,0,0,0,0,0,0
1098,18.31831832,0,0,0,0,0,0,0,0,0,0
1099,18.33500167,0,0,0,0,0,0,0,0,0,0
1100,18.35168502,0,0,0,0,0,0,0,0,0,0
1101,18.36836837,0,0,0,0,0,0,0,0,0,0
1102,18.38505172,0,0,0,0,0,0,0,0,0,0
1103,18.40173507,0,0,0,0,0,0,0,0,0,0
1104,18.41841842,0,0,0,0,0,0,0,0,0,0
1105,18.43510177,0,0,0,0,0,0,0,0,0,0
1106,18.45178512,0,0,0,0,0,0,0,0,0,0
1107,18.46846847,0,0,0,0,0,0,0,0,0,0
1108,18.48515182,0,0,0,0,0,0,0,0,0,0
1109,18.50183517,0,0,0,0,0,0,0,0,0,0
1110,18.51851852,0,0,0,0,0,0,0,0,0,0
1111,18.53520187,0,0,0,0,0,0,0,0,0,0
1112,18.55188522,0,0,0,0,0,0,0,0,0,0
1113,18.56856857,0,0,0,0,0,0,0,0,0,0
1114,18.58525192,0,0,0,0,0,0,0,0,0,0
1115,18.60193527,0,0,0,0,0,0,0,0,0,0
1116,18.61861862,0,0,0,0,0,0,0,0,0,0
1117,18.63530197,0,0,0,0,0,0,0,0,0,0
1118,18.65198532,0,0,0,0,0,0,0,0,0,0
1119,18.66866867,0,0,0,0,0,0,0,0,0,0
1120,18.68535202,0,0,0,0,0,0,0,0,0,0
1121,18.70203537,0,0,0,0,0,0,0,0,0,0
1122,18.71871872,0,0,0,0,0,0,0,0,0,0
1123,18.73540207,0,0,0,0,0,0,0,0,0,0
1124,18.75208542,0,0,0,0,0,0,0,0,0,0
1125,18.76876877,0,0,0,0,0,0,0,0,0,0
1126,18.78545212,0,0,0,0,0,0,0,0,0,0